=================================================================
=============== CHECKING THE CONNECTION LIST ====================
=================================================================
Reading connections from /home/ritik/.snowflake/connections.toml. Entries from config.toml are ignored.
+------------------------------------------------------------------------------------------------------------------------------------------------------------------------------------------------------------------------+
| connection_name                   | parameters                                                                                                                                                            | is_default |
|-----------------------------------+-----------------------------------------------------------------------------------------------------------------------------------------------------------------------+------------|
| modern_data_engineering_snowflake | {'account': 'AOSOCKJ-PZB58195', 'user': 'MYSNOW', 'password': '****', 'database': 'LOAD_DATA', 'schema': 'PUBLIC', 'warehouse': 'COMPUTE_WH', 'role': 'ACCOUNTADMIN'} | True       |
+------------------------------------------------------------------------------------------------------------------------------------------------------------------------------------------------------------------------+

=================================================================
================ RUNNING DATABASE INITIALIZATION ================
=================================================================
CREATE 
    DATABASE IF NOT EXISTS
    SEMI_STRUCTURED_DB
;
+---------------------------------------------------+
| status                                            |
|---------------------------------------------------|
| Database SEMI_STRUCTURED_DB successfully created. |
+---------------------------------------------------+
CREATE 
    SCHEMA IF NOT EXISTS 
    SEMI_STRUCTURED_DB.STAGING
;
+--------------------------------------+
| status                               |
|--------------------------------------|
| Schema STAGING successfully created. |
+--------------------------------------+
CREATE 
    SCHEMA IF NOT EXISTS 
    SEMI_STRUCTURED_DB.ANALYTICS
;
+----------------------------------------+
| status                                 |
|----------------------------------------|
| Schema ANALYTICS successfully created. |
+----------------------------------------+
USE DATABASE SEMI_STRUCTURED_DB;
+----------------------------------+
| status                           |
|----------------------------------|
| Statement executed successfully. |
+----------------------------------+
USE SCHEMA STAGING ;
+----------------------------------+
| status                           |
|----------------------------------|
| Statement executed successfully. |
+----------------------------------+

=================================================================
===================== CREATING TABLE  ===========================
=================================================================
USE DATABASE SEMI_STRUCTURED_DB;
+----------------------------------+
| status                           |
|----------------------------------|
| Statement executed successfully. |
+----------------------------------+
USE SCHEMA STAGING ;
+----------------------------------+
| status                           |
|----------------------------------|
| Statement executed successfully. |
+----------------------------------+
CREATE OR REPLACE TABLE customers (
    customer_id INTEGER,
    customer_name STRING,
    customer_data VARIANT
);
+---------------------------------------+
| status                                |
|---------------------------------------|
| Table CUSTOMERS successfully created. |
+---------------------------------------+
USE DATABASE SEMI_STRUCTURED_DB;
+----------------------------------+
| status                           |
|----------------------------------|
| Statement executed successfully. |
+----------------------------------+
USE SCHEMA STAGING ;
+----------------------------------+
| status                           |
|----------------------------------|
| Statement executed successfully. |
+----------------------------------+
CREATE OR REPLACE TABLE products (
    product_id STRING,
    product_data VARIANT
);
+--------------------------------------+
| status                               |
|--------------------------------------|
| Table PRODUCTS successfully created. |
+--------------------------------------+
USE DATABASE SEMI_STRUCTURED_DB;
+----------------------------------+
| status                           |
|----------------------------------|
| Statement executed successfully. |
+----------------------------------+
USE SCHEMA STAGING ;
+----------------------------------+
| status                           |
|----------------------------------|
| Statement executed successfully. |
+----------------------------------+
CREATE OR REPLACE TABLE orders (
    order_id STRING,
    customer_id INTEGER,
    order_data VARIANT
);
+------------------------------------+
| status                             |
|------------------------------------|
| Table ORDERS successfully created. |
+------------------------------------+

=================================================================
===================== INSERTING DATA  ===========================
=================================================================
USE DATABASE SEMI_STRUCTURED_DB;
+----------------------------------+
| status                           |
|----------------------------------|
| Statement executed successfully. |
+----------------------------------+
USE SCHEMA STAGING ;
+----------------------------------+
| status                           |
|----------------------------------|
| Statement executed successfully. |
+----------------------------------+
USE DATABASE SEMI_STRUCTURED_DB;
+----------------------------------+
| status                           |
|----------------------------------|
| Statement executed successfully. |
+----------------------------------+
USE SCHEMA STAGING;
+----------------------------------+
| status                           |
|----------------------------------|
| Statement executed successfully. |
+----------------------------------+
INSERT INTO customers (customer_id, customer_name, customer_data)
SELECT 1001, 'Abigail O''Brien', PARSE_JSON('{"profile": {"first_name": "Abigail", "last_name": "O''Brien", "email": "abigail.obrien75@gmail.com", "loyalty_tier": "gold", "join_date": "2024-08-26", "is_active": true, "account_balance": 454.85, "lifetime_value": 1756.85, "birth_date": "1967-03-03", "gender": "male"}, "address": {"street": "1496 Pine Rd", "city": "Vancouver", "zip": "1968", "country": "Canada", "type": "shipping", "state": "BC", "coordinates": {"lat": 49.2958, "lng": -123.1124}}, "preferences": {"newsletter_opt_in": false, "preferred_language": "pt", "preferred_currency": "CAD", "marketing_channels": [], "notification_settings": {"email": true, "sms": false, "push": true}}, "devices": [{"device_id": "DEV-251262", "device_type": "desktop", "os": "Linux", "last_login": "2026-06-16T18:19:00Z", "is_trusted": true}, {"device_id": "DEV-289505", "device_type": "tablet", "os": "iPadOS", "last_login": "2026-08-14T18:40:00Z", "is_trusted": false}]}');
+-------------------------+
| number of rows inserted |
|-------------------------|
| 1                       |
+-------------------------+
INSERT INTO customers (customer_id, customer_name, customer_data)
SELECT 1002, 'Sophia Jones', PARSE_JSON('{"profile": {"first_name": "Sophia", "last_name": "Jones", "email": "sophia.jones509@icloud.com", "loyalty_tier": "gold", "join_date": "2024-06-21", "is_active": true, "account_balance": 461.72, "lifetime_value": 2924.58, "phone": "+1-384-915-4999", "gender": "non-binary"}, "address": {"street": "8614 Lake Blvd", "city": "Los Angeles", "zip": "68829", "country": "USA", "type": "billing", "state": "CA", "coordinates": {"lat": 34.0095, "lng": -118.2425}}, "preferences": {"newsletter_opt_in": false, "preferred_language": "fr", "preferred_currency": "EUR", "marketing_channels": ["postal_mail", "email", "push"], "notification_settings": {"email": true, "sms": false, "push": true}}, "devices": [{"device_id": "DEV-829070", "device_type": "desktop", "os": "macOS", "last_login": "2026-08-16T15:37:00Z", "is_trusted": true}, {"device_id": "DEV-980770", "device_type": "mobile", "os": "iOS", "last_login": "2026-07-05T15:44:00Z", "is_trusted": true}]}');
+-------------------------+
| number of rows inserted |
|-------------------------|
| 1                       |
+-------------------------+
INSERT INTO customers (customer_id, customer_name, customer_data)
SELECT 1003, 'Noah Martin', PARSE_JSON('{"profile": {"first_name": "Noah", "last_name": "Martin", "email": "noah.martin396@outlook.com", "loyalty_tier": "bronze", "join_date": "2022-08-06", "is_active": true, "account_balance": 177.73, "lifetime_value": 4906.81, "phone": "+1-423-986-5709", "gender": "male"}, "address": {"street": "6529 River Rd", "city": "Berlin", "zip": "2320", "country": "Germany", "type": "shipping", "coordinates": {"lat": 52.5583, "lng": 13.4369}}, "preferences": {"newsletter_opt_in": true, "preferred_language": "fr", "preferred_currency": "CAD", "marketing_channels": ["postal_mail", "email"], "notification_settings": {"email": false, "sms": false, "push": false}}, "devices": [{"device_id": "DEV-608520", "device_type": "mobile", "os": "iOS", "last_login": "2026-07-04T09:00:00Z", "is_trusted": false}]}');
+-------------------------+
| number of rows inserted |
|-------------------------|
| 1                       |
+-------------------------+
INSERT INTO customers (customer_id, customer_name, customer_data)
SELECT 1004, 'Sean White', PARSE_JSON('{"profile": {"first_name": "Sean", "last_name": "White", "email": "sean.white708@gmail.com", "loyalty_tier": "platinum", "join_date": "2026-05-06", "is_active": true, "account_balance": 389.98, "lifetime_value": 7002.38, "phone": "+1-601-607-7536", "birth_date": "1970-08-19", "gender": null}, "address": {"street": "6570 Maple Ave", "city": "Denver", "zip": "18827", "country": "USA", "type": "shipping", "state": "CO", "coordinates": {"lat": 39.7002, "lng": -104.9802}}, "preferences": {"newsletter_opt_in": false, "preferred_language": "pt", "preferred_currency": "EUR", "marketing_channels": [], "notification_settings": {"email": true, "sms": true, "push": false}}, "devices": [{"device_id": "DEV-494505", "device_type": "tablet", "os": "iPadOS", "last_login": "2026-08-21T08:22:00Z", "is_trusted": true}]}');
+-------------------------+
| number of rows inserted |
|-------------------------|
| 1                       |
+-------------------------+
INSERT INTO customers (customer_id, customer_name, customer_data)
SELECT 1005, 'Jose Davis', PARSE_JSON('{"profile": {"first_name": "Jose", "last_name": "Davis", "email": "jose.davis478@icloud.com", "loyalty_tier": "platinum", "join_date": "2025-10-05", "is_active": true, "account_balance": 72.06, "lifetime_value": 6009.91, "phone": "+1-690-908-3645", "birth_date": "1986-11-23", "gender": "male"}, "address": {"street": "8664 Highland Ave", "city": "Houston", "zip": "81194", "country": "USA", "type": "shipping", "state": "TX", "coordinates": {"lat": 29.7402, "lng": -95.3555}}, "preferences": {"newsletter_opt_in": false, "preferred_language": "fr", "preferred_currency": "AUD", "marketing_channels": ["sms", "postal_mail"], "notification_settings": {"email": true, "sms": false, "push": true}}, "devices": [{"device_id": "DEV-333876", "device_type": "tablet", "os": "iPadOS", "last_login": "2026-07-01T12:47:00Z", "is_trusted": true}, {"device_id": "DEV-642783", "device_type": "mobile", "os": "Android", "last_login": "2026-07-16T23:01:00Z", "is_trusted": true}]}');
+-------------------------+
| number of rows inserted |
|-------------------------|
| 1                       |
+-------------------------+
INSERT INTO customers (customer_id, customer_name, customer_data)
SELECT 1006, 'Henry Nguyen', PARSE_JSON('{"profile": {"first_name": "Henry", "last_name": "Nguyen", "email": "henry.nguyen620@outlook.com", "loyalty_tier": "platinum", "join_date": "2022-02-01", "is_active": true, "account_balance": 361.56, "lifetime_value": 2828.68, "phone": "+1-282-425-2673", "gender": "male"}, "address": {"street": "5543 Sunset Rd", "city": "Austin", "zip": "91797", "country": "USA", "type": "shipping", "state": "TX", "coordinates": {"lat": 30.2825, "lng": -97.7131}}, "preferences": {"newsletter_opt_in": false, "preferred_language": "en", "preferred_currency": "CAD", "marketing_channels": ["postal_mail"], "notification_settings": {"email": true, "sms": false, "push": true}}, "devices": []}');
+-------------------------+
| number of rows inserted |
|-------------------------|
| 1                       |
+-------------------------+
INSERT INTO customers (customer_id, customer_name, customer_data)
SELECT 1007, 'Matthew Young', PARSE_JSON('{"profile": {"first_name": "Matthew", "last_name": "Young", "email": "matthew.young743@yahoo.com", "loyalty_tier": "silver", "join_date": "2025-03-03", "is_active": true, "account_balance": 13.77, "lifetime_value": 4746.96, "phone": "+1-871-349-8771", "birth_date": "1968-10-23", "gender": "non-binary"}, "address": {"street": "2564 Pine Ln", "city": "Vancouver", "zip": "3146", "country": "Canada", "type": "shipping", "state": "BC"}, "preferences": {"newsletter_opt_in": true, "preferred_language": "en", "preferred_currency": "AUD", "marketing_channels": ["postal_mail"], "notification_settings": {"email": true, "sms": false, "push": true}}, "devices": []}');
+-------------------------+
| number of rows inserted |
|-------------------------|
| 1                       |
+-------------------------+
INSERT INTO customers (customer_id, customer_name, customer_data)
SELECT 1008, 'Harper D''Souza', PARSE_JSON('{"profile": {"first_name": "Harper", "last_name": "D''Souza", "email": "harper.dsouza783@outlook.com", "loyalty_tier": "gold", "join_date": "2023-10-24", "is_active": true, "account_balance": 417.1, "lifetime_value": 534.19, "phone": "+1-669-878-9466", "birth_date": "1975-10-16", "gender": null}, "address": {"street": "2152 Pine Ave", "city": "Seattle", "zip": "78617", "country": "USA", "type": "shipping", "state": "WA", "coordinates": {"lat": 47.6339, "lng": -122.3212}}, "preferences": {"newsletter_opt_in": true, "preferred_language": "es", "preferred_currency": "EUR", "marketing_channels": ["postal_mail"], "notification_settings": {"email": true, "sms": false, "push": false}}, "devices": [{"device_id": "DEV-687513", "device_type": "mobile", "os": "iOS", "last_login": "2026-07-02T06:17:00Z", "is_trusted": false}, {"device_id": "DEV-632376", "device_type": "mobile", "os": "Android", "last_login": "2026-08-11T00:48:00Z", "is_trusted": true}, {"device_id": "DEV-564779", "device_type": "mobile", "os": "Android", "last_login": "2026-08-18T16:38:00Z", "is_trusted": true}]}');
+-------------------------+
| number of rows inserted |
|-------------------------|
| 1                       |
+-------------------------+
INSERT INTO customers (customer_id, customer_name, customer_data)
SELECT 1009, 'Henry Walker', PARSE_JSON('{"profile": {"first_name": "Henry", "last_name": "Walker", "email": "henry.walker490@yahoo.com", "loyalty_tier": "gold", "join_date": "2023-12-29", "is_active": true, "account_balance": 446.38, "lifetime_value": 1660.58, "phone": "+1-626-324-7428", "birth_date": "2001-03-20", "gender": "female"}, "address": {"street": "3952 River St", "city": "Paris", "zip": "4484", "country": "France", "type": "billing", "state": "Ile-de-France", "coordinates": {"lat": 48.822, "lng": 2.3738}}, "preferences": {"newsletter_opt_in": true, "preferred_language": "es", "preferred_currency": "GBP", "marketing_channels": ["postal_mail"], "notification_settings": {"email": true, "sms": true, "push": false}}, "devices": [{"device_id": "DEV-800273", "device_type": "mobile", "os": "iOS", "last_login": "2026-06-21T22:27:00Z", "is_trusted": true}, {"device_id": "DEV-455589", "device_type": "desktop", "os": "macOS", "last_login": "2026-06-26T11:20:00Z", "is_trusted": false}, {"device_id": "DEV-120429", "device_type": "desktop", "os": "macOS", "last_login": "2026-08-10T14:28:00Z", "is_trusted": true}]}');
+-------------------------+
| number of rows inserted |
|-------------------------|
| 1                       |
+-------------------------+
INSERT INTO customers (customer_id, customer_name, customer_data)
SELECT 1010, 'Elizabeth Perez', PARSE_JSON('{"profile": {"first_name": "Elizabeth", "last_name": "Perez", "email": "elizabeth.perez525@gmail.com", "loyalty_tier": "bronze", "join_date": "2024-07-01", "is_active": true, "account_balance": 394.18, "lifetime_value": 7774.98, "gender": "female"}, "address": {"street": "2984 Main Ave", "city": "Paris", "zip": "7918", "country": "France", "type": "billing", "coordinates": {"lat": 48.8581, "lng": 2.3517}}, "preferences": {"newsletter_opt_in": false, "preferred_language": "fr", "preferred_currency": "USD", "marketing_channels": ["postal_mail"], "notification_settings": {"email": true, "sms": false, "push": false}}, "devices": []}');
+-------------------------+
| number of rows inserted |
|-------------------------|
| 1                       |
+-------------------------+
INSERT INTO customers (customer_id, customer_name, customer_data)
SELECT 1011, 'Harper Garcia', PARSE_JSON('{"profile": {"first_name": "Harper", "last_name": "Garcia", "email": "harper.garcia884@gmail.com", "loyalty_tier": "platinum", "join_date": "2021-05-17", "is_active": false, "account_balance": 497.15, "lifetime_value": 3371.19, "phone": "+1-836-332-1707", "birth_date": "1976-11-11", "gender": "male"}, "address": {"street": "1803 Cedar Blvd", "city": "Dallas", "zip": "16603", "country": "USA", "type": "shipping", "state": "TX"}, "preferences": {"newsletter_opt_in": false, "preferred_language": "fr", "preferred_currency": "AUD", "marketing_channels": ["push"], "notification_settings": {"email": true, "sms": true, "push": false}}, "devices": []}');
+-------------------------+
| number of rows inserted |
|-------------------------|
| 1                       |
+-------------------------+
INSERT INTO customers (customer_id, customer_name, customer_data)
SELECT 1012, 'Harper Williams', PARSE_JSON('{"profile": {"first_name": "Harper", "last_name": "Williams", "email": "harper.williams518@yahoo.com", "loyalty_tier": "platinum", "join_date": "2021-02-07", "is_active": true, "account_balance": 223.53, "lifetime_value": 5283.65, "phone": "+1-872-706-9944", "birth_date": "1997-11-19", "gender": null}, "address": {"street": "8311 Main Ave", "city": "New York", "zip": "40089", "country": "USA", "type": "billing", "state": "NY"}, "preferences": {"newsletter_opt_in": true, "preferred_language": "es", "preferred_currency": "CAD", "marketing_channels": ["email", "postal_mail"], "notification_settings": {"email": false, "sms": true, "push": true}}, "devices": [{"device_id": "DEV-158092", "device_type": "mobile", "os": "iOS", "last_login": "2026-08-25T12:55:00Z", "is_trusted": true}, {"device_id": "DEV-727864", "device_type": "desktop", "os": "Windows", "last_login": "2026-08-28T09:02:00Z", "is_trusted": true}, {"device_id": "DEV-382105", "device_type": "mobile", "os": "Android", "last_login": "2026-06-01T08:23:00Z", "is_trusted": true}]}');
+-------------------------+
| number of rows inserted |
|-------------------------|
| 1                       |
+-------------------------+
INSERT INTO customers (customer_id, customer_name, customer_data)
SELECT 1013, 'Nadia Lee', PARSE_JSON('{"profile": {"first_name": "Nadia", "last_name": "Lee", "email": "nadia.lee317@yahoo.com", "loyalty_tier": "gold", "join_date": "2021-03-12", "is_active": true, "account_balance": 167.67, "lifetime_value": 716.93, "phone": "+1-871-405-5066", "birth_date": "2004-08-01", "gender": "female"}, "address": {"street": "1498 Main St", "city": "Dallas", "zip": "28856", "country": "USA", "type": "billing", "state": "TX", "coordinates": {"lat": 32.7661, "lng": -96.817}}, "preferences": {"newsletter_opt_in": true, "preferred_language": "en", "preferred_currency": "AUD", "marketing_channels": ["postal_mail"], "notification_settings": {"email": true, "sms": true, "push": false}}, "devices": [{"device_id": "DEV-748761", "device_type": "tablet", "os": "iPadOS", "last_login": "2026-06-06T22:57:00Z", "is_trusted": true}, {"device_id": "DEV-869499", "device_type": "desktop", "os": "Linux", "last_login": "2026-08-04T04:58:00Z", "is_trusted": true}]}');
+-------------------------+
| number of rows inserted |
|-------------------------|
| 1                       |
+-------------------------+
INSERT INTO customers (customer_id, customer_name, customer_data)
SELECT 1014, 'Priya Johnson', PARSE_JSON('{"profile": {"first_name": "Priya", "last_name": "Johnson", "email": "priya.johnson43@yahoo.com", "loyalty_tier": "gold", "join_date": "2021-06-24", "is_active": true, "account_balance": 188.31, "lifetime_value": 3638.52, "gender": null}, "address": {"street": "4016 Lake Blvd", "city": "Dallas", "zip": "10434", "country": "USA", "type": "billing", "state": "TX", "coordinates": {"lat": 32.8015, "lng": -96.7967}}, "preferences": {"newsletter_opt_in": true, "preferred_language": "pt", "preferred_currency": "USD", "marketing_channels": ["push", "email", "sms"], "notification_settings": {"email": true, "sms": true, "push": false}}, "devices": [{"device_id": "DEV-986603", "device_type": "desktop", "os": "macOS", "last_login": "2026-06-10T15:58:00Z", "is_trusted": true}, {"device_id": "DEV-746944", "device_type": "mobile", "os": "iOS", "last_login": "2026-06-10T19:09:00Z", "is_trusted": true}, {"device_id": "DEV-879319", "device_type": "tablet", "os": "Android", "last_login": "2026-08-19T18:08:00Z", "is_trusted": false}]}');
+-------------------------+
| number of rows inserted |
|-------------------------|
| 1                       |
+-------------------------+
INSERT INTO customers (customer_id, customer_name, customer_data)
SELECT 1015, 'Noah Dubois', PARSE_JSON('{"profile": {"first_name": "Noah", "last_name": "Dubois", "email": "noah.dubois709@yahoo.com", "loyalty_tier": "platinum", "join_date": "2024-10-08", "is_active": true, "account_balance": 258.27, "lifetime_value": 3744.07, "phone": "+1-321-762-4264", "birth_date": "1969-06-19", "gender": "female"}, "address": {"street": "7758 Maple Blvd", "city": "Austin", "zip": "70158", "country": "USA", "type": "shipping", "state": "TX", "coordinates": {"lat": 30.314, "lng": -97.7482}}, "preferences": {"newsletter_opt_in": false, "preferred_language": "es", "preferred_currency": "EUR", "marketing_channels": [], "notification_settings": {"email": true, "sms": false, "push": true}}, "devices": [{"device_id": "DEV-732674", "device_type": "mobile", "os": "Android", "last_login": "2026-06-15T22:23:00Z", "is_trusted": false}, {"device_id": "DEV-513223", "device_type": "desktop", "os": "Windows", "last_login": "2026-06-21T00:31:00Z", "is_trusted": true}]}');
+-------------------------+
| number of rows inserted |
|-------------------------|
| 1                       |
+-------------------------+
INSERT INTO customers (customer_id, customer_name, customer_data)
SELECT 1016, 'Matthew N''Diaye', PARSE_JSON('{"profile": {"first_name": "Matthew", "last_name": "N''Diaye", "email": "matthew.ndiaye386@outlook.com", "loyalty_tier": "bronze", "join_date": "2023-05-03", "is_active": true, "account_balance": 0.87, "lifetime_value": 6018.34, "phone": "+1-322-400-1192", "birth_date": "1980-06-06", "gender": "non-binary"}, "address": {"street": "4158 Highland St", "city": "Phoenix", "zip": "61498", "country": "USA", "type": "billing", "state": "AZ", "coordinates": {"lat": 33.4573, "lng": -112.0879}}, "preferences": {"newsletter_opt_in": true, "preferred_language": "fr", "preferred_currency": "USD", "marketing_channels": ["email", "postal_mail"], "notification_settings": {"email": true, "sms": false, "push": true}}, "devices": [{"device_id": "DEV-557431", "device_type": "desktop", "os": "Linux", "last_login": "2026-07-11T06:49:00Z", "is_trusted": true}]}');
+-------------------------+
| number of rows inserted |
|-------------------------|
| 1                       |
+-------------------------+
INSERT INTO customers (customer_id, customer_name, customer_data)
SELECT 1017, 'William Johnson', PARSE_JSON('{"profile": {"first_name": "William", "last_name": "Johnson", "email": "william.johnson964@yahoo.com", "loyalty_tier": "bronze", "join_date": "2026-02-14", "is_active": false, "account_balance": 366.18, "lifetime_value": 3634.34, "phone": "+1-859-493-8955", "gender": null}, "address": {"street": "2095 Cedar Rd", "city": "Vancouver", "zip": "7797", "country": "Canada", "type": "billing", "state": "BC", "coordinates": {"lat": 49.2583, "lng": -123.0968}}, "preferences": {"newsletter_opt_in": true, "preferred_language": "de", "preferred_currency": "EUR", "marketing_channels": ["postal_mail", "push"], "notification_settings": {"email": true, "sms": false, "push": true}}, "devices": []}');
+-------------------------+
| number of rows inserted |
|-------------------------|
| 1                       |
+-------------------------+
INSERT INTO customers (customer_id, customer_name, customer_data)
SELECT 1018, 'James Dubois', PARSE_JSON('{"profile": {"first_name": "James", "last_name": "Dubois", "email": "james.dubois778@icloud.com", "loyalty_tier": "platinum", "join_date": "2023-07-17", "is_active": true, "account_balance": 96.2, "lifetime_value": 771.18, "phone": "+1-293-526-4917", "birth_date": "1979-12-07", "gender": null}, "address": {"street": "3321 Maple Rd", "city": "Dallas", "zip": "60179", "country": "USA", "type": "billing", "state": "TX", "coordinates": {"lat": 32.7477, "lng": -96.82}}, "preferences": {"newsletter_opt_in": true, "preferred_language": "de", "preferred_currency": "GBP", "marketing_channels": ["sms", "push"], "notification_settings": {"email": true, "sms": true, "push": true}}, "devices": [{"device_id": "DEV-384185", "device_type": "mobile", "os": "iOS", "last_login": "2026-07-20T12:41:00Z", "is_trusted": true}]}');
+-------------------------+
| number of rows inserted |
|-------------------------|
| 1                       |
+-------------------------+
INSERT INTO customers (customer_id, customer_name, customer_data)
SELECT 1019, 'Alexander Johnson', PARSE_JSON('{"profile": {"first_name": "Alexander", "last_name": "Johnson", "email": "alexander.johnson727@icloud.com", "loyalty_tier": "platinum", "join_date": "2021-03-08", "is_active": false, "account_balance": 195.76, "lifetime_value": 7418.28, "phone": "+1-679-659-5070", "birth_date": "1984-01-28", "gender": "male"}, "address": {"street": "2539 Cedar Ln", "city": "Phoenix", "zip": "99400", "country": "USA", "type": "shipping", "state": "AZ", "coordinates": {"lat": 33.4706, "lng": -112.0593}}, "preferences": {"newsletter_opt_in": true, "preferred_language": "de", "preferred_currency": "USD", "marketing_channels": [], "notification_settings": {"email": false, "sms": false, "push": true}}, "devices": []}');
+-------------------------+
| number of rows inserted |
|-------------------------|
| 1                       |
+-------------------------+
INSERT INTO customers (customer_id, customer_name, customer_data)
SELECT 1020, 'Alexander Rodriguez', PARSE_JSON('{"profile": {"first_name": "Alexander", "last_name": "Rodriguez", "email": "alexander.rodriguez448@gmail.com", "loyalty_tier": "bronze", "join_date": "2023-12-18", "is_active": false, "account_balance": 262.22, "lifetime_value": 4683.98, "phone": "+1-428-815-1018", "gender": "non-binary"}, "address": {"street": "7557 Main Blvd", "city": "Austin", "zip": "94485", "country": "USA", "type": "shipping", "state": "TX", "coordinates": {"lat": 30.2407, "lng": -97.7684}}, "preferences": {"newsletter_opt_in": true, "preferred_language": "fr", "preferred_currency": "USD", "marketing_channels": [], "notification_settings": {"email": false, "sms": true, "push": true}}, "devices": []}');
+-------------------------+
| number of rows inserted |
|-------------------------|
| 1                       |
+-------------------------+
INSERT INTO customers (customer_id, customer_name, customer_data)
SELECT 1021, 'Harper Anderson', PARSE_JSON('{"profile": {"first_name": "Harper", "last_name": "Anderson", "email": "harper.anderson233@icloud.com", "loyalty_tier": "bronze", "join_date": "2026-03-10", "is_active": true, "account_balance": 359.17, "lifetime_value": 2930.44, "phone": "+1-206-499-9271", "gender": null}, "address": {"street": "3293 Main Ave", "city": "London", "zip": "4781", "country": "UK", "type": "billing", "coordinates": {"lat": 51.4869, "lng": -0.0826}}, "preferences": {"newsletter_opt_in": true, "preferred_language": "es", "preferred_currency": "EUR", "marketing_channels": ["postal_mail", "push", "email"], "notification_settings": {"email": true, "sms": false, "push": false}}, "devices": [{"device_id": "DEV-725084", "device_type": "mobile", "os": "iOS", "last_login": "2026-07-24T01:45:00Z", "is_trusted": false}]}');
+-------------------------+
| number of rows inserted |
|-------------------------|
| 1                       |
+-------------------------+
INSERT INTO customers (customer_id, customer_name, customer_data)
SELECT 1022, 'Matthew Walker', PARSE_JSON('{"profile": {"first_name": "Matthew", "last_name": "Walker", "email": "matthew.walker82@yahoo.com", "loyalty_tier": "gold", "join_date": "2025-02-09", "is_active": true, "account_balance": 326.23, "lifetime_value": 4222.14, "phone": "+1-519-880-7203", "birth_date": "1970-01-29", "gender": "non-binary"}, "address": {"street": "7258 Cedar St", "city": "Denver", "zip": "10376", "country": "USA", "type": "shipping", "state": "CO", "coordinates": {"lat": 39.7243, "lng": -104.9447}}, "preferences": {"newsletter_opt_in": false, "preferred_language": "es", "preferred_currency": "CAD", "marketing_channels": ["push", "sms"], "notification_settings": {"email": false, "sms": true, "push": false}}, "devices": [{"device_id": "DEV-439014", "device_type": "mobile", "os": "Android", "last_login": "2026-07-31T00:40:00Z", "is_trusted": true}, {"device_id": "DEV-903909", "device_type": "tablet", "os": "Android", "last_login": "2026-06-06T12:02:00Z", "is_trusted": true}, {"device_id": "DEV-369500", "device_type": "mobile", "os": "iOS", "last_login": "2026-06-09T19:21:00Z", "is_trusted": true}]}');
+-------------------------+
| number of rows inserted |
|-------------------------|
| 1                       |
+-------------------------+
INSERT INTO customers (customer_id, customer_name, customer_data)
SELECT 1023, 'Michael Williams', PARSE_JSON('{"profile": {"first_name": "Michael", "last_name": "Williams", "email": "michael.williams707@outlook.com", "loyalty_tier": "gold", "join_date": "2025-03-09", "is_active": true, "account_balance": 360.79, "lifetime_value": 4784.77, "phone": "+1-266-224-4831", "gender": null}, "address": {"street": "6342 Main Rd", "city": "Austin", "zip": "74680", "country": "USA", "type": "shipping", "state": "TX", "coordinates": {"lat": 30.2355, "lng": -97.7128}}, "preferences": {"newsletter_opt_in": true, "preferred_language": "es", "preferred_currency": "AUD", "marketing_channels": ["push"], "notification_settings": {"email": true, "sms": false, "push": true}}, "devices": []}');
+-------------------------+
| number of rows inserted |
|-------------------------|
| 1                       |
+-------------------------+
INSERT INTO customers (customer_id, customer_name, customer_data)
SELECT 1024, 'Priya Gonzalez', PARSE_JSON('{"profile": {"first_name": "Priya", "last_name": "Gonzalez", "email": "priya.gonzalez254@icloud.com", "loyalty_tier": "bronze", "join_date": "2025-03-22", "is_active": true, "account_balance": 240.84, "lifetime_value": 4379.7, "birth_date": "1972-03-05", "gender": "female"}, "address": {"street": "1192 Main Ln", "city": "Vancouver", "zip": "2377", "country": "Canada", "type": "shipping", "state": "BC"}, "preferences": {"newsletter_opt_in": true, "preferred_language": "de", "preferred_currency": "EUR", "marketing_channels": ["sms"], "notification_settings": {"email": true, "sms": true, "push": true}}, "devices": []}');
+-------------------------+
| number of rows inserted |
|-------------------------|
| 1                       |
+-------------------------+
INSERT INTO customers (customer_id, customer_name, customer_data)
SELECT 1025, 'Evelyn Jackson', PARSE_JSON('{"profile": {"first_name": "Evelyn", "last_name": "Jackson", "email": "evelyn.jackson382@outlook.com", "loyalty_tier": "gold", "join_date": "2024-03-06", "is_active": true, "account_balance": 123.71, "lifetime_value": 2000.46, "birth_date": "1977-01-03", "gender": null}, "address": {"street": "3094 Highland St", "city": "Austin", "zip": "61913", "country": "USA", "type": "billing", "state": "TX", "coordinates": {"lat": 30.2679, "lng": -97.77}}, "preferences": {"newsletter_opt_in": true, "preferred_language": "de", "preferred_currency": "USD", "marketing_channels": [], "notification_settings": {"email": false, "sms": true, "push": false}}, "devices": [{"device_id": "DEV-142322", "device_type": "desktop", "os": "macOS", "last_login": "2026-06-30T03:03:00Z", "is_trusted": false}, {"device_id": "DEV-303593", "device_type": "tablet", "os": "iPadOS", "last_login": "2026-07-18T16:55:00Z", "is_trusted": false}, {"device_id": "DEV-372575", "device_type": "tablet", "os": "iPadOS", "last_login": "2026-06-14T20:38:00Z", "is_trusted": true}]}');
+-------------------------+
| number of rows inserted |
|-------------------------|
| 1                       |
+-------------------------+
INSERT INTO customers (customer_id, customer_name, customer_data)
SELECT 1026, 'Emily Wilson', PARSE_JSON('{"profile": {"first_name": "Emily", "last_name": "Wilson", "email": "emily.wilson145@gmail.com", "loyalty_tier": "silver", "join_date": "2023-01-26", "is_active": true, "account_balance": 19.12, "lifetime_value": 5871.22, "phone": "+1-211-535-7700", "birth_date": "1980-04-02", "gender": "male"}, "address": {"street": "5125 Oak Ave", "city": "Los Angeles", "zip": "14124", "country": "USA", "type": "billing", "state": "CA", "coordinates": {"lat": 34.0085, "lng": -118.2836}}, "preferences": {"newsletter_opt_in": false, "preferred_language": "pt", "preferred_currency": "EUR", "marketing_channels": [], "notification_settings": {"email": true, "sms": false, "push": false}}, "devices": [{"device_id": "DEV-422537", "device_type": "tablet", "os": "Android", "last_login": "2026-06-07T09:47:00Z", "is_trusted": true}, {"device_id": "DEV-534194", "device_type": "desktop", "os": "macOS", "last_login": "2026-06-03T11:41:00Z", "is_trusted": false}]}');
+-------------------------+
| number of rows inserted |
|-------------------------|
| 1                       |
+-------------------------+
INSERT INTO customers (customer_id, customer_name, customer_data)
SELECT 1027, 'Matthew Wilson', PARSE_JSON('{"profile": {"first_name": "Matthew", "last_name": "Wilson", "email": "matthew.wilson434@gmail.com", "loyalty_tier": "bronze", "join_date": "2023-06-09", "is_active": true, "account_balance": 441.42, "lifetime_value": 3714.2, "gender": null}, "address": {"street": "2344 River St", "city": "New York", "zip": "85086", "country": "USA", "type": "billing", "state": "NY", "coordinates": {"lat": 40.68, "lng": -74.0212}}, "preferences": {"newsletter_opt_in": false, "preferred_language": "es", "preferred_currency": "USD", "marketing_channels": [], "notification_settings": {"email": true, "sms": true, "push": true}}, "devices": [{"device_id": "DEV-232802", "device_type": "desktop", "os": "Windows", "last_login": "2026-08-01T10:03:00Z", "is_trusted": true}]}');
+-------------------------+
| number of rows inserted |
|-------------------------|
| 1                       |
+-------------------------+
INSERT INTO customers (customer_id, customer_name, customer_data)
SELECT 1028, 'Elizabeth Garcia', PARSE_JSON('{"profile": {"first_name": "Elizabeth", "last_name": "Garcia", "email": "elizabeth.garcia878@yahoo.com", "loyalty_tier": "platinum", "join_date": "2024-08-04", "is_active": true, "account_balance": 98.06, "lifetime_value": 3809.99, "phone": "+1-242-609-9485", "gender": "non-binary"}, "address": {"street": "2026 Cedar Ave", "city": "Philadelphia", "zip": "35243", "country": "USA", "type": "shipping", "state": "PA", "coordinates": {"lat": 39.9868, "lng": -75.148}}, "preferences": {"newsletter_opt_in": true, "preferred_language": "fr", "preferred_currency": "USD", "marketing_channels": ["postal_mail", "push", "sms"], "notification_settings": {"email": true, "sms": false, "push": false}}, "devices": [{"device_id": "DEV-485299", "device_type": "tablet", "os": "Android", "last_login": "2026-08-04T14:11:00Z", "is_trusted": false}, {"device_id": "DEV-613279", "device_type": "tablet", "os": "Android", "last_login": "2026-07-01T14:48:00Z", "is_trusted": true}, {"device_id": "DEV-977181", "device_type": "desktop", "os": "Windows", "last_login": "2026-07-31T12:06:00Z", "is_trusted": false}]}');
+-------------------------+
| number of rows inserted |
|-------------------------|
| 1                       |
+-------------------------+
INSERT INTO customers (customer_id, customer_name, customer_data)
SELECT 1029, 'Emily Robinson', PARSE_JSON('{"profile": {"first_name": "Emily", "last_name": "Robinson", "email": "emily.robinson453@gmail.com", "loyalty_tier": "bronze", "join_date": "2021-07-07", "is_active": true, "account_balance": 41.12, "lifetime_value": 5881.17, "phone": "+1-723-281-1889", "birth_date": "2000-12-27", "gender": null}, "address": {"street": "2241 Maple St", "city": "Toronto", "zip": "2795", "country": "Canada", "type": "shipping", "state": "ON"}, "preferences": {"newsletter_opt_in": true, "preferred_language": "fr", "preferred_currency": "EUR", "marketing_channels": ["email"], "notification_settings": {"email": true, "sms": true, "push": false}}, "devices": [{"device_id": "DEV-388350", "device_type": "tablet", "os": "Android", "last_login": "2026-06-19T08:32:00Z", "is_trusted": true}, {"device_id": "DEV-318442", "device_type": "desktop", "os": "Linux", "last_login": "2026-07-04T19:32:00Z", "is_trusted": false}]}');
+-------------------------+
| number of rows inserted |
|-------------------------|
| 1                       |
+-------------------------+
INSERT INTO customers (customer_id, customer_name, customer_data)
SELECT 1030, 'Daniel Williams', PARSE_JSON('{"profile": {"first_name": "Daniel", "last_name": "Williams", "email": "daniel.williams166@outlook.com", "loyalty_tier": "gold", "join_date": "2022-01-08", "is_active": true, "account_balance": 84.37, "lifetime_value": 6289.71, "birth_date": "1983-02-06", "gender": "non-binary"}, "address": {"street": "7432 Pine Ln", "city": "San Diego", "zip": "86027", "country": "USA", "type": "shipping", "state": "CA", "coordinates": {"lat": 32.7193, "lng": -117.1254}}, "preferences": {"newsletter_opt_in": true, "preferred_language": "fr", "preferred_currency": "GBP", "marketing_channels": ["push", "postal_mail", "email"], "notification_settings": {"email": true, "sms": true, "push": false}}, "devices": [{"device_id": "DEV-879715", "device_type": "tablet", "os": "iPadOS", "last_login": "2026-07-08T16:16:00Z", "is_trusted": true}]}');
+-------------------------+
| number of rows inserted |
|-------------------------|
| 1                       |
+-------------------------+
USE DATABASE SEMI_STRUCTURED_DB;
+----------------------------------+
| status                           |
|----------------------------------|
| Statement executed successfully. |
+----------------------------------+
USE SCHEMA STAGING ;
+----------------------------------+
| status                           |
|----------------------------------|
| Statement executed successfully. |
+----------------------------------+
USE DATABASE SEMI_STRUCTURED_DB;
+----------------------------------+
| status                           |
|----------------------------------|
| Statement executed successfully. |
+----------------------------------+
USE SCHEMA STAGING;
+----------------------------------+
| status                           |
|----------------------------------|
| Statement executed successfully. |
+----------------------------------+
INSERT INTO products (product_id, product_data)
SELECT 'PROD-0001', PARSE_JSON('{"specifications": {"category": "Electronics", "brand": "PixelEdge", "color_options": ["White"], "weight_kg": 9.42, "dimensions": {"length": 53.0, "width": 32.3, "height": 5.7, "unit": "cm"}}, "pricing": {"base_price": 342.53, "currency": "USD", "tax_rate": 0.0582, "price_history": [{"date": "2025-04-19", "price": 335.94}, {"date": "2026-07-01", "price": 310.35}]}, "suppliers": [{"supplier_id": "SUP-005", "supplier_name": "Shenzhen Innovate Ltd.", "country": "China", "lead_time_days": 16, "is_primary": true}, {"supplier_id": "SUP-008", "supplier_name": "Sao Paulo Export Group", "country": "Brazil", "lead_time_days": 26, "is_primary": false}, {"supplier_id": "SUP-002", "supplier_name": "EuroGoods Trading Co.", "country": "Germany", "lead_time_days": 42, "is_primary": false}], "reviews": [{"review_id": "REV-PROD-0001-01", "customer_id": 1001, "rating": 2, "comment": null, "review_date": "2025-08-16", "verified_purchase": true}, {"review_id": "REV-PROD-0001-02", "customer_id": 1005, "rating": 3, "comment": "Perfect for everyday use.", "review_date": "2026-07-21", "verified_purchase": true}, {"review_id": "REV-PROD-0001-03", "customer_id": 1021, "rating": 5, "comment": "Decent, but there''s room for improvement.", "review_date": "2026-04-01", "verified_purchase": true}, {"review_id": "REV-PROD-0001-04", "customer_id": 1030, "rating": 5, "comment": null, "review_date": "2026-02-08", "verified_purchase": false}]}');
+-------------------------+
| number of rows inserted |
|-------------------------|
| 1                       |
+-------------------------+
INSERT INTO products (product_id, product_data)
SELECT 'PROD-0002', PARSE_JSON('{"specifications": {"category": "Home & Kitchen", "brand": "HearthCraft", "color_options": [], "subcategory": "Cookware", "weight_kg": 2.47, "dimensions": {"length": 109.9, "width": 12.9, "height": 49.8, "unit": "cm"}, "material": "Aluminum"}, "pricing": {"base_price": 52.77, "currency": "USD", "tax_rate": 0.0135, "cost_price": 29.13, "price_history": [{"date": "2025-06-28", "price": 51.56}, {"date": "2025-03-07", "price": 48.82}, {"date": "2025-02-19", "price": 57.97}]}, "suppliers": [{"supplier_id": "SUP-008", "supplier_name": "Sao Paulo Export Group", "country": "Brazil", "lead_time_days": 3, "is_primary": true}, {"supplier_id": "SUP-006", "supplier_name": "Atlas Wholesale", "country": "Mexico", "lead_time_days": 27, "is_primary": false}, {"supplier_id": "SUP-005", "supplier_name": "Shenzhen Innovate Ltd.", "country": "China", "lead_time_days": 30, "is_primary": false}], "reviews": [{"review_id": "REV-PROD-0002-01", "customer_id": 1024, "rating": 4, "comment": "Shipping was fast and the quality is solid.", "review_date": "2025-09-24", "verified_purchase": true}, {"review_id": "REV-PROD-0002-02", "customer_id": 1021, "rating": 1, "comment": "Works exactly as described.", "review_date": "2025-11-19", "verified_purchase": true}, {"review_id": "REV-PROD-0002-03", "customer_id": null, "rating": 3, "comment": null, "review_date": "2025-06-27", "verified_purchase": true}, {"review_id": "REV-PROD-0002-04", "customer_id": 1014, "rating": 5, "comment": "Exceeded my expectations, would buy again.", "review_date": "2025-10-30", "verified_purchase": true}]}');
+-------------------------+
| number of rows inserted |
|-------------------------|
| 1                       |
+-------------------------+
INSERT INTO products (product_id, product_data)
SELECT 'PROD-0003', PARSE_JSON('{"specifications": {"category": "Sportswear", "brand": "PeakForm", "color_options": [], "weight_kg": 13.58, "dimensions": {"length": 101.8, "width": 20.2, "height": 14.4, "unit": "cm"}, "material": "Aluminum"}, "pricing": {"base_price": 125.01, "currency": "USD", "tax_rate": 0.0836, "price_history": [{"date": "2026-07-04", "price": 120.93}, {"date": "2026-06-28", "price": 128.06}, {"date": "2025-01-28", "price": 119.92}]}, "suppliers": [{"supplier_id": "SUP-004", "supplier_name": "Northland Distributors", "country": "Canada", "lead_time_days": 16, "is_primary": true}, {"supplier_id": "SUP-005", "supplier_name": "Shenzhen Innovate Ltd.", "country": "China", "lead_time_days": 28, "is_primary": false}, {"supplier_id": "SUP-003", "supplier_name": "Global Source Partners", "country": "USA", "lead_time_days": 42, "is_primary": false}], "reviews": [{"review_id": "REV-PROD-0003-01", "customer_id": 1006, "rating": 2, "comment": "Great value for the price!", "review_date": "2025-06-14", "verified_purchase": false}, {"review_id": "REV-PROD-0003-02", "customer_id": 1006, "rating": 3, "comment": "Shipping was fast and the quality is solid.", "review_date": "2026-05-25", "verified_purchase": false}, {"review_id": "REV-PROD-0003-03", "customer_id": 1023, "rating": 1, "comment": null, "review_date": "2025-07-05", "verified_purchase": true}]}');
+-------------------------+
| number of rows inserted |
|-------------------------|
| 1                       |
+-------------------------+
INSERT INTO products (product_id, product_data)
SELECT 'PROD-0004', PARSE_JSON('{"specifications": {"category": "Books", "brand": "Lantern Press", "color_options": ["Gray"], "subcategory": "Reference", "weight_kg": 1.09}, "pricing": {"base_price": 48.56, "currency": "USD", "tax_rate": 0.0824, "discount_percentage": 15}, "suppliers": [{"supplier_id": "SUP-001", "supplier_name": "Pacific Rim Manufacturing", "country": "China", "lead_time_days": 5, "is_primary": true}], "reviews": [{"review_id": "REV-PROD-0004-01", "customer_id": null, "rating": 1, "comment": null, "review_date": "2026-04-20", "verified_purchase": true}, {"review_id": "REV-PROD-0004-02", "customer_id": 1004, "rating": 2, "comment": "Exceeded my expectations, would buy again.", "review_date": "2025-11-11", "verified_purchase": true}, {"review_id": "REV-PROD-0004-03", "customer_id": 1012, "rating": 3, "comment": "Exceeded my expectations, would buy again.", "review_date": "2025-06-25", "verified_purchase": true}, {"review_id": "REV-PROD-0004-04", "customer_id": 1011, "rating": 5, "comment": "Exactly what I needed, no complaints.", "review_date": "2026-01-30", "verified_purchase": true}, {"review_id": "REV-PROD-0004-05", "customer_id": 1001, "rating": 4, "comment": "Great value for the price!", "review_date": "2026-01-10", "verified_purchase": true}]}');
+-------------------------+
| number of rows inserted |
|-------------------------|
| 1                       |
+-------------------------+
INSERT INTO products (product_id, product_data)
SELECT 'PROD-0005', PARSE_JSON('{"specifications": {"category": "Beauty", "brand": "GlowLab", "color_options": [], "subcategory": "Skincare", "weight_kg": 10.74, "dimensions": {"length": 100.2, "width": 48.1, "height": 24.4, "unit": "cm"}}, "pricing": {"base_price": 35.79, "currency": "USD", "tax_rate": 0.0497, "cost_price": 14.9}, "suppliers": [{"supplier_id": "SUP-008", "supplier_name": "Sao Paulo Export Group", "country": "Brazil", "lead_time_days": 14, "is_primary": true}], "reviews": [{"review_id": "REV-PROD-0005-01", "customer_id": 1027, "rating": 5, "comment": "Exceeded my expectations, would buy again.", "review_date": "2026-03-23", "verified_purchase": true}, {"review_id": "REV-PROD-0005-02", "customer_id": 1007, "rating": 2, "comment": "Arrived slightly damaged, but support fixed it quickly.", "review_date": "2025-08-24", "verified_purchase": false}, {"review_id": "REV-PROD-0005-03", "customer_id": 1003, "rating": 4, "comment": null, "review_date": "2026-03-15", "verified_purchase": true}, {"review_id": "REV-PROD-0005-04", "customer_id": 1012, "rating": 1, "comment": "Perfect for everyday use.", "review_date": "2025-12-20", "verified_purchase": true}, {"review_id": "REV-PROD-0005-05", "customer_id": null, "rating": 4, "comment": null, "review_date": "2025-06-13", "verified_purchase": true}, {"review_id": "REV-PROD-0005-06", "customer_id": 1014, "rating": 5, "comment": "Exactly what I needed, no complaints.", "review_date": "2025-08-27", "verified_purchase": true}]}');
+-------------------------+
| number of rows inserted |
|-------------------------|
| 1                       |
+-------------------------+
INSERT INTO products (product_id, product_data)
SELECT 'PROD-0006', PARSE_JSON('{"specifications": {"category": "Outdoor", "brand": "SummitGear", "color_options": ["Gray", "Green", "Red", "Black"], "subcategory": "Hiking Gear", "weight_kg": 7.87, "dimensions": {"length": 104.8, "width": 38.8, "height": 45.2, "unit": "cm"}}, "pricing": {"base_price": 75.53, "currency": "USD", "tax_rate": 0.044, "discount_percentage": 10, "cost_price": 33.07}, "suppliers": [{"supplier_id": "SUP-004", "supplier_name": "Northland Distributors", "country": "Canada", "lead_time_days": 20, "is_primary": true}, {"supplier_id": "SUP-005", "supplier_name": "Shenzhen Innovate Ltd.", "country": "China", "lead_time_days": 22, "is_primary": false}, {"supplier_id": "SUP-002", "supplier_name": "EuroGoods Trading Co.", "country": "Germany", "lead_time_days": 42, "is_primary": false}], "reviews": [{"review_id": "REV-PROD-0006-01", "customer_id": 1008, "rating": 3, "comment": "Good product overall, packaging could be better.", "review_date": "2026-02-23", "verified_purchase": true}]}');
+-------------------------+
| number of rows inserted |
|-------------------------|
| 1                       |
+-------------------------+
INSERT INTO products (product_id, product_data)
SELECT 'PROD-0007', PARSE_JSON('{"specifications": {"category": "Office Supplies", "brand": "OfficeForm", "color_options": ["Green", "Black"], "weight_kg": 9.9, "dimensions": {"length": 27.5, "width": 16.3, "height": 13.6, "unit": "cm"}}, "pricing": {"base_price": 364.31, "currency": "USD", "tax_rate": 0.0283, "price_history": [{"date": "2025-07-31", "price": 390.29}, {"date": "2026-04-21", "price": 312.75}]}, "suppliers": [{"supplier_id": "SUP-007", "supplier_name": "Meridian Supply Chain", "country": "India", "lead_time_days": 17, "is_primary": true}, {"supplier_id": "SUP-006", "supplier_name": "Atlas Wholesale", "country": "Mexico", "lead_time_days": 35, "is_primary": false}], "reviews": [{"review_id": "REV-PROD-0007-01", "customer_id": 1001, "rating": 2, "comment": "Exceeded my expectations, would buy again.", "review_date": "2026-04-06", "verified_purchase": true}, {"review_id": "REV-PROD-0007-02", "customer_id": 1008, "rating": 4, "comment": null, "review_date": "2026-03-21", "verified_purchase": true}, {"review_id": "REV-PROD-0007-03", "customer_id": 1028, "rating": 2, "comment": null, "review_date": "2026-06-05", "verified_purchase": true}, {"review_id": "REV-PROD-0007-04", "customer_id": null, "rating": 5, "comment": "Not as durable as I expected.", "review_date": "2026-05-14", "verified_purchase": false}, {"review_id": "REV-PROD-0007-05", "customer_id": 1014, "rating": 3, "comment": "Exceeded my expectations, would buy again.", "review_date": "2026-04-18", "verified_purchase": true}, {"review_id": "REV-PROD-0007-06", "customer_id": null, "rating": 2, "comment": "Perfect for everyday use.", "review_date": "2026-06-01", "verified_purchase": true}]}');
+-------------------------+
| number of rows inserted |
|-------------------------|
| 1                       |
+-------------------------+
INSERT INTO products (product_id, product_data)
SELECT 'PROD-0008', PARSE_JSON('{"specifications": {"category": "Furniture", "brand": "UrbanNest", "color_options": ["Blue", "Black", "Red"], "subcategory": "Sofas", "weight_kg": 10.16, "dimensions": {"length": 112.0, "width": 18.7, "height": 53.1, "unit": "cm"}, "material": "Cotton"}, "pricing": {"base_price": 778.05, "currency": "USD", "tax_rate": 0.079, "discount_percentage": 0, "price_history": [{"date": "2025-07-24", "price": 762.34}]}, "suppliers": [{"supplier_id": "SUP-008", "supplier_name": "Sao Paulo Export Group", "country": "Brazil", "lead_time_days": 37, "is_primary": true}], "reviews": [{"review_id": "REV-PROD-0008-01", "customer_id": 1001, "rating": 3, "comment": "Exactly what I needed, no complaints.", "review_date": "2025-11-23", "verified_purchase": true}]}');
+-------------------------+
| number of rows inserted |
|-------------------------|
| 1                       |
+-------------------------+
INSERT INTO products (product_id, product_data)
SELECT 'PROD-0009', PARSE_JSON('{"specifications": {"category": "Automotive", "brand": "AutoEdge", "color_options": ["Blue"], "subcategory": "Electronics", "weight_kg": 10.96, "dimensions": {"length": 75.6, "width": 52.8, "height": 21.7, "unit": "cm"}}, "pricing": {"base_price": 148.72, "currency": "USD", "tax_rate": 0.0058, "cost_price": 87.53, "price_history": [{"date": "2025-09-29", "price": 130.47}, {"date": "2025-11-07", "price": 153.98}, {"date": "2026-06-24", "price": 162.53}]}, "suppliers": [{"supplier_id": "SUP-008", "supplier_name": "Sao Paulo Export Group", "country": "Brazil", "lead_time_days": 13, "is_primary": true}, {"supplier_id": "SUP-002", "supplier_name": "EuroGoods Trading Co.", "country": "Germany", "lead_time_days": 11, "is_primary": false}], "reviews": [{"review_id": "REV-PROD-0009-01", "customer_id": 1026, "rating": 2, "comment": "Arrived slightly damaged, but support fixed it quickly.", "review_date": "2026-04-25", "verified_purchase": true}, {"review_id": "REV-PROD-0009-02", "customer_id": 1005, "rating": 3, "comment": null, "review_date": "2026-04-24", "verified_purchase": true}, {"review_id": "REV-PROD-0009-03", "customer_id": null, "rating": 4, "comment": "Arrived slightly damaged, but support fixed it quickly.", "review_date": "2025-10-29", "verified_purchase": true}, {"review_id": "REV-PROD-0009-04", "customer_id": 1025, "rating": 4, "comment": "Decent, but there''s room for improvement.", "review_date": "2026-07-07", "verified_purchase": true}, {"review_id": "REV-PROD-0009-05", "customer_id": 1013, "rating": 3, "comment": "Perfect for everyday use.", "review_date": "2026-05-14", "verified_purchase": false}]}');
+-------------------------+
| number of rows inserted |
|-------------------------|
| 1                       |
+-------------------------+
INSERT INTO products (product_id, product_data)
SELECT 'PROD-0010', PARSE_JSON('{"specifications": {"category": "Electronics", "brand": "TechNova", "color_options": ["Silver", "Blue"], "subcategory": "Audio", "weight_kg": 9.92, "dimensions": {"length": 46.7, "width": 74.7, "height": 68.6, "unit": "cm"}}, "pricing": {"base_price": 177.14, "currency": "USD", "tax_rate": 0.0787, "discount_percentage": 5, "cost_price": 89.2, "price_history": [{"date": "2025-01-12", "price": 159.86}, {"date": "2025-03-15", "price": 179.62}, {"date": "2025-09-14", "price": 177.5}]}, "suppliers": [{"supplier_id": "SUP-003", "supplier_name": "Global Source Partners", "country": "USA", "lead_time_days": 14, "is_primary": true}, {"supplier_id": "SUP-007", "supplier_name": "Meridian Supply Chain", "country": "India", "lead_time_days": 31, "is_primary": false}, {"supplier_id": "SUP-002", "supplier_name": "EuroGoods Trading Co.", "country": "Germany", "lead_time_days": 25, "is_primary": false}], "reviews": [{"review_id": "REV-PROD-0010-01", "customer_id": 1013, "rating": 5, "comment": "Shipping was fast and the quality is solid.", "review_date": "2026-04-09", "verified_purchase": true}, {"review_id": "REV-PROD-0010-02", "customer_id": 1026, "rating": 1, "comment": null, "review_date": "2026-03-08", "verified_purchase": true}, {"review_id": "REV-PROD-0010-03", "customer_id": null, "rating": 2, "comment": "Arrived slightly damaged, but support fixed it quickly.", "review_date": "2026-05-21", "verified_purchase": false}, {"review_id": "REV-PROD-0010-04", "customer_id": 1027, "rating": 4, "comment": null, "review_date": "2026-08-26", "verified_purchase": false}]}');
+-------------------------+
| number of rows inserted |
|-------------------------|
| 1                       |
+-------------------------+
INSERT INTO products (product_id, product_data)
SELECT 'PROD-0011', PARSE_JSON('{"specifications": {"category": "Home & Kitchen", "brand": "HearthCraft", "color_options": ["Blue"], "subcategory": "Cookware", "weight_kg": 7.32, "dimensions": {"length": 109.1, "width": 57.5, "height": 21.2, "unit": "cm"}}, "pricing": {"base_price": 185.04, "currency": "USD", "tax_rate": 0.057, "discount_percentage": 5, "cost_price": 99.99, "price_history": [{"date": "2025-10-31", "price": 196.17}, {"date": "2026-01-19", "price": 176.98}, {"date": "2025-03-19", "price": 165.63}]}, "suppliers": [{"supplier_id": "SUP-001", "supplier_name": "Pacific Rim Manufacturing", "country": "China", "lead_time_days": 42, "is_primary": true}, {"supplier_id": "SUP-008", "supplier_name": "Sao Paulo Export Group", "country": "Brazil", "lead_time_days": 5, "is_primary": false}], "reviews": [{"review_id": "REV-PROD-0011-01", "customer_id": null, "rating": 3, "comment": "Works exactly as described.", "review_date": "2026-02-17", "verified_purchase": true}, {"review_id": "REV-PROD-0011-02", "customer_id": null, "rating": 2, "comment": "Great value for the price!", "review_date": "2025-09-18", "verified_purchase": true}, {"review_id": "REV-PROD-0011-03", "customer_id": 1011, "rating": 1, "comment": null, "review_date": "2025-12-05", "verified_purchase": true}]}');
+-------------------------+
| number of rows inserted |
|-------------------------|
| 1                       |
+-------------------------+
INSERT INTO products (product_id, product_data)
SELECT 'PROD-0012', PARSE_JSON('{"specifications": {"category": "Sportswear", "brand": "ActiveCore", "color_options": ["Blue", "Silver"], "subcategory": "Apparel", "weight_kg": 4.46, "dimensions": {"length": 100.2, "width": 35.3, "height": 41.3, "unit": "cm"}}, "pricing": {"base_price": 50.52, "currency": "USD", "tax_rate": 0.0481, "discount_percentage": 15, "cost_price": 25.22}, "suppliers": [{"supplier_id": "SUP-003", "supplier_name": "Global Source Partners", "country": "USA", "lead_time_days": 43, "is_primary": true}, {"supplier_id": "SUP-005", "supplier_name": "Shenzhen Innovate Ltd.", "country": "China", "lead_time_days": 8, "is_primary": false}], "reviews": [{"review_id": "REV-PROD-0012-01", "customer_id": 1024, "rating": 5, "comment": "Perfect for everyday use.", "review_date": "2026-03-07", "verified_purchase": true}, {"review_id": "REV-PROD-0012-02", "customer_id": 1004, "rating": 1, "comment": "Great value for the price!", "review_date": "2025-09-06", "verified_purchase": true}, {"review_id": "REV-PROD-0012-03", "customer_id": 1025, "rating": 1, "comment": "Exactly what I needed, no complaints.", "review_date": "2026-03-06", "verified_purchase": true}, {"review_id": "REV-PROD-0012-04", "customer_id": 1021, "rating": 5, "comment": null, "review_date": "2025-07-13", "verified_purchase": false}]}');
+-------------------------+
| number of rows inserted |
|-------------------------|
| 1                       |
+-------------------------+
INSERT INTO products (product_id, product_data)
SELECT 'PROD-0013', PARSE_JSON('{"specifications": {"category": "Books", "brand": "Northwind Publishing", "color_options": [], "subcategory": "Fiction", "weight_kg": 0.62}, "pricing": {"base_price": 48.61, "currency": "USD", "tax_rate": 0.0884, "cost_price": 21.47}, "suppliers": [{"supplier_id": "SUP-005", "supplier_name": "Shenzhen Innovate Ltd.", "country": "China", "lead_time_days": 14, "is_primary": true}, {"supplier_id": "SUP-007", "supplier_name": "Meridian Supply Chain", "country": "India", "lead_time_days": 29, "is_primary": false}, {"supplier_id": "SUP-003", "supplier_name": "Global Source Partners", "country": "USA", "lead_time_days": 5, "is_primary": false}], "reviews": [{"review_id": "REV-PROD-0013-01", "customer_id": 1021, "rating": 5, "comment": "Great value for the price!", "review_date": "2026-02-10", "verified_purchase": true}, {"review_id": "REV-PROD-0013-02", "customer_id": 1004, "rating": 4, "comment": "Good product overall, packaging could be better.", "review_date": "2026-05-23", "verified_purchase": true}]}');
+-------------------------+
| number of rows inserted |
|-------------------------|
| 1                       |
+-------------------------+
INSERT INTO products (product_id, product_data)
SELECT 'PROD-0014', PARSE_JSON('{"specifications": {"category": "Beauty", "brand": "PureDerm", "color_options": ["Red", "Gray", "White"], "subcategory": "Suncare", "weight_kg": 8.28, "dimensions": {"length": 14.5, "width": 40.4, "height": 71.9, "unit": "cm"}, "material": "Cotton"}, "pricing": {"base_price": 10.78, "currency": "USD", "tax_rate": 0.0005, "discount_percentage": 0, "cost_price": 7.09}, "suppliers": [{"supplier_id": "SUP-003", "supplier_name": "Global Source Partners", "country": "USA", "lead_time_days": 33, "is_primary": true}], "reviews": []}');
+-------------------------+
| number of rows inserted |
|-------------------------|
| 1                       |
+-------------------------+
INSERT INTO products (product_id, product_data)
SELECT 'PROD-0015', PARSE_JSON('{"specifications": {"category": "Outdoor", "brand": "SummitGear", "color_options": ["Black"], "subcategory": "Camping", "weight_kg": 10.97, "dimensions": {"length": 14.7, "width": 52.1, "height": 57.3, "unit": "cm"}}, "pricing": {"base_price": 245.4, "currency": "USD", "tax_rate": 0.0886, "cost_price": 150.96}, "suppliers": [{"supplier_id": "SUP-002", "supplier_name": "EuroGoods Trading Co.", "country": "Germany", "lead_time_days": 27, "is_primary": true}], "reviews": [{"review_id": "REV-PROD-0015-01", "customer_id": null, "rating": 2, "comment": "Arrived slightly damaged, but support fixed it quickly.", "review_date": "2026-04-08", "verified_purchase": false}, {"review_id": "REV-PROD-0015-02", "customer_id": 1019, "rating": 4, "comment": "Arrived slightly damaged, but support fixed it quickly.", "review_date": "2026-05-13", "verified_purchase": false}]}');
+-------------------------+
| number of rows inserted |
|-------------------------|
| 1                       |
+-------------------------+
INSERT INTO products (product_id, product_data)
SELECT 'PROD-0016', PARSE_JSON('{"specifications": {"category": "Office Supplies", "brand": "OfficeForm", "color_options": ["Green"], "subcategory": "Desks", "weight_kg": 5.85, "dimensions": {"length": 95.4, "width": 75.9, "height": 63.2, "unit": "cm"}, "material": "Stainless Steel"}, "pricing": {"base_price": 363.63, "currency": "USD", "tax_rate": 0.0266, "discount_percentage": 20, "price_history": [{"date": "2025-06-04", "price": 363.73}]}, "suppliers": [{"supplier_id": "SUP-007", "supplier_name": "Meridian Supply Chain", "country": "India", "lead_time_days": 27, "is_primary": true}, {"supplier_id": "SUP-002", "supplier_name": "EuroGoods Trading Co.", "country": "Germany", "lead_time_days": 27, "is_primary": false}], "reviews": [{"review_id": "REV-PROD-0016-01", "customer_id": 1029, "rating": 2, "comment": "Arrived slightly damaged, but support fixed it quickly.", "review_date": "2025-10-24", "verified_purchase": true}, {"review_id": "REV-PROD-0016-02", "customer_id": 1009, "rating": 4, "comment": "Shipping was fast and the quality is solid.", "review_date": "2026-03-28", "verified_purchase": true}, {"review_id": "REV-PROD-0016-03", "customer_id": null, "rating": 1, "comment": "Exceeded my expectations, would buy again.", "review_date": "2026-08-01", "verified_purchase": false}]}');
+-------------------------+
| number of rows inserted |
|-------------------------|
| 1                       |
+-------------------------+
INSERT INTO products (product_id, product_data)
SELECT 'PROD-0017', PARSE_JSON('{"specifications": {"category": "Furniture", "brand": "UrbanNest", "color_options": ["Green", "Blue", "Silver", "Black"], "subcategory": "Seating", "weight_kg": 11.98, "dimensions": {"length": 28.0, "width": 61.3, "height": 74.7, "unit": "cm"}}, "pricing": {"base_price": 880.05, "currency": "USD", "tax_rate": 0.0577, "discount_percentage": 15, "cost_price": 596.5, "price_history": [{"date": "2026-01-30", "price": 849.19}]}, "suppliers": [{"supplier_id": "SUP-006", "supplier_name": "Atlas Wholesale", "country": "Mexico", "lead_time_days": 7, "is_primary": true}], "reviews": [{"review_id": "REV-PROD-0017-01", "customer_id": 1029, "rating": 3, "comment": "Exactly what I needed, no complaints.", "review_date": "2025-11-12", "verified_purchase": true}]}');
+-------------------------+
| number of rows inserted |
|-------------------------|
| 1                       |
+-------------------------+
INSERT INTO products (product_id, product_data)
SELECT 'PROD-0018', PARSE_JSON('{"specifications": {"category": "Automotive", "brand": "DriveTech", "color_options": [], "weight_kg": 10.55, "dimensions": {"length": 46.7, "width": 47.3, "height": 33.4, "unit": "cm"}, "material": "Aluminum"}, "pricing": {"base_price": 46.08, "currency": "USD", "tax_rate": 0.0234, "discount_percentage": 15}, "suppliers": [{"supplier_id": "SUP-008", "supplier_name": "Sao Paulo Export Group", "country": "Brazil", "lead_time_days": 12, "is_primary": true}, {"supplier_id": "SUP-007", "supplier_name": "Meridian Supply Chain", "country": "India", "lead_time_days": 23, "is_primary": false}, {"supplier_id": "SUP-001", "supplier_name": "Pacific Rim Manufacturing", "country": "China", "lead_time_days": 41, "is_primary": false}], "reviews": []}');
+-------------------------+
| number of rows inserted |
|-------------------------|
| 1                       |
+-------------------------+
INSERT INTO products (product_id, product_data)
SELECT 'PROD-0019', PARSE_JSON('{"specifications": {"category": "Electronics", "brand": "PixelEdge", "color_options": ["Gray"], "subcategory": "Storage", "weight_kg": 8.84, "dimensions": {"length": 29.6, "width": 74.4, "height": 23.8, "unit": "cm"}}, "pricing": {"base_price": 64.99, "currency": "USD", "tax_rate": 0.0425, "discount_percentage": 20, "cost_price": 30.95}, "suppliers": [{"supplier_id": "SUP-003", "supplier_name": "Global Source Partners", "country": "USA", "lead_time_days": 27, "is_primary": true}], "reviews": []}');
+-------------------------+
| number of rows inserted |
|-------------------------|
| 1                       |
+-------------------------+
INSERT INTO products (product_id, product_data)
SELECT 'PROD-0020', PARSE_JSON('{"specifications": {"category": "Home & Kitchen", "brand": "HearthCraft", "color_options": ["Blue", "Black", "Red"], "subcategory": "Cookware", "weight_kg": 10.63, "dimensions": {"length": 15.3, "width": 28.9, "height": 20.2, "unit": "cm"}}, "pricing": {"base_price": 236.23, "currency": "USD", "tax_rate": 0.0875, "discount_percentage": 5, "cost_price": 105.81, "price_history": [{"date": "2025-08-16", "price": 210.96}, {"date": "2025-09-20", "price": 256.38}, {"date": "2025-03-02", "price": 254.11}]}, "suppliers": [{"supplier_id": "SUP-001", "supplier_name": "Pacific Rim Manufacturing", "country": "China", "lead_time_days": 19, "is_primary": true}], "reviews": [{"review_id": "REV-PROD-0020-01", "customer_id": null, "rating": 4, "comment": "Great value for the price!", "review_date": "2025-07-22", "verified_purchase": false}, {"review_id": "REV-PROD-0020-02", "customer_id": null, "rating": 2, "comment": null, "review_date": "2026-06-19", "verified_purchase": true}, {"review_id": "REV-PROD-0020-03", "customer_id": 1025, "rating": 1, "comment": "Arrived slightly damaged, but support fixed it quickly.", "review_date": "2025-11-13", "verified_purchase": true}, {"review_id": "REV-PROD-0020-04", "customer_id": 1012, "rating": 4, "comment": "Perfect for everyday use.", "review_date": "2025-08-26", "verified_purchase": true}]}');
+-------------------------+
| number of rows inserted |
|-------------------------|
| 1                       |
+-------------------------+
INSERT INTO products (product_id, product_data)
SELECT 'PROD-0021', PARSE_JSON('{"specifications": {"category": "Sportswear", "brand": "PeakForm", "color_options": ["Gray"], "weight_kg": 13.92, "dimensions": {"length": 30.4, "width": 75.0, "height": 69.6, "unit": "cm"}, "material": "Aluminum"}, "pricing": {"base_price": 73.49, "currency": "USD", "tax_rate": 0.0739, "discount_percentage": 15, "cost_price": 43.25}, "suppliers": [{"supplier_id": "SUP-006", "supplier_name": "Atlas Wholesale", "country": "Mexico", "lead_time_days": 17, "is_primary": true}, {"supplier_id": "SUP-007", "supplier_name": "Meridian Supply Chain", "country": "India", "lead_time_days": 33, "is_primary": false}], "reviews": []}');
+-------------------------+
| number of rows inserted |
|-------------------------|
| 1                       |
+-------------------------+
INSERT INTO products (product_id, product_data)
SELECT 'PROD-0022', PARSE_JSON('{"specifications": {"category": "Books", "brand": "Northwind Publishing", "color_options": [], "weight_kg": 0.65, "material": "Cotton"}, "pricing": {"base_price": 27.93, "currency": "USD", "tax_rate": 0.0827, "cost_price": 12.48}, "suppliers": [{"supplier_id": "SUP-006", "supplier_name": "Atlas Wholesale", "country": "Mexico", "lead_time_days": 13, "is_primary": true}, {"supplier_id": "SUP-007", "supplier_name": "Meridian Supply Chain", "country": "India", "lead_time_days": 19, "is_primary": false}], "reviews": [{"review_id": "REV-PROD-0022-01", "customer_id": 1029, "rating": 4, "comment": "Works exactly as described.", "review_date": "2025-08-18", "verified_purchase": true}, {"review_id": "REV-PROD-0022-02", "customer_id": 1029, "rating": 2, "comment": "Exactly what I needed, no complaints.", "review_date": "2026-01-31", "verified_purchase": true}]}');
+-------------------------+
| number of rows inserted |
|-------------------------|
| 1                       |
+-------------------------+
INSERT INTO products (product_id, product_data)
SELECT 'PROD-0023', PARSE_JSON('{"specifications": {"category": "Beauty", "brand": "GlowLab", "color_options": ["Blue", "Silver"], "subcategory": "Skincare", "weight_kg": 1.55, "dimensions": {"length": 38.3, "width": 72.2, "height": 6.5, "unit": "cm"}, "material": "Stainless Steel"}, "pricing": {"base_price": 51.52, "currency": "USD", "tax_rate": 0.0137, "discount_percentage": 15, "cost_price": 25.88}, "suppliers": [{"supplier_id": "SUP-005", "supplier_name": "Shenzhen Innovate Ltd.", "country": "China", "lead_time_days": 14, "is_primary": true}], "reviews": [{"review_id": "REV-PROD-0023-01", "customer_id": 1014, "rating": 2, "comment": "Exceeded my expectations, would buy again.", "review_date": "2026-03-20", "verified_purchase": false}, {"review_id": "REV-PROD-0023-02", "customer_id": null, "rating": 5, "comment": "Not as durable as I expected.", "review_date": "2026-05-31", "verified_purchase": false}]}');
+-------------------------+
| number of rows inserted |
|-------------------------|
| 1                       |
+-------------------------+
INSERT INTO products (product_id, product_data)
SELECT 'PROD-0024', PARSE_JSON('{"specifications": {"category": "Outdoor", "brand": "SummitGear", "color_options": ["Gray", "Silver", "White"], "weight_kg": 9.23, "dimensions": {"length": 86.4, "width": 65.9, "height": 47.5, "unit": "cm"}}, "pricing": {"base_price": 289.01, "currency": "USD", "tax_rate": 0.0062, "discount_percentage": 15, "cost_price": 195.05, "price_history": [{"date": "2025-12-10", "price": 266.02}, {"date": "2026-05-20", "price": 252.19}]}, "suppliers": [{"supplier_id": "SUP-008", "supplier_name": "Sao Paulo Export Group", "country": "Brazil", "lead_time_days": 45, "is_primary": true}, {"supplier_id": "SUP-002", "supplier_name": "EuroGoods Trading Co.", "country": "Germany", "lead_time_days": 20, "is_primary": false}], "reviews": [{"review_id": "REV-PROD-0024-01", "customer_id": 1012, "rating": 1, "comment": "Shipping was fast and the quality is solid.", "review_date": "2026-05-26", "verified_purchase": true}]}');
+-------------------------+
| number of rows inserted |
|-------------------------|
| 1                       |
+-------------------------+
INSERT INTO products (product_id, product_data)
SELECT 'PROD-0025', PARSE_JSON('{"specifications": {"category": "Office Supplies", "brand": "OfficeForm", "color_options": ["Red", "Black", "Green"], "subcategory": "Seating", "weight_kg": 12.27, "dimensions": {"length": 104.5, "width": 29.1, "height": 57.5, "unit": "cm"}}, "pricing": {"base_price": 209.54, "currency": "USD", "tax_rate": 0.0714, "cost_price": 143.79}, "suppliers": [{"supplier_id": "SUP-001", "supplier_name": "Pacific Rim Manufacturing", "country": "China", "lead_time_days": 11, "is_primary": true}, {"supplier_id": "SUP-005", "supplier_name": "Shenzhen Innovate Ltd.", "country": "China", "lead_time_days": 4, "is_primary": false}, {"supplier_id": "SUP-007", "supplier_name": "Meridian Supply Chain", "country": "India", "lead_time_days": 18, "is_primary": false}], "reviews": [{"review_id": "REV-PROD-0025-01", "customer_id": 1006, "rating": 2, "comment": "Works exactly as described.", "review_date": "2025-11-07", "verified_purchase": true}, {"review_id": "REV-PROD-0025-02", "customer_id": null, "rating": 1, "comment": "Great value for the price!", "review_date": "2025-07-20", "verified_purchase": true}, {"review_id": "REV-PROD-0025-03", "customer_id": null, "rating": 3, "comment": "Great value for the price!", "review_date": "2026-08-03", "verified_purchase": true}, {"review_id": "REV-PROD-0025-04", "customer_id": 1017, "rating": 2, "comment": null, "review_date": "2026-01-14", "verified_purchase": false}, {"review_id": "REV-PROD-0025-05", "customer_id": null, "rating": 2, "comment": "Great value for the price!", "review_date": "2025-10-18", "verified_purchase": false}, {"review_id": "REV-PROD-0025-06", "customer_id": 1017, "rating": 3, "comment": "Works exactly as described.", "review_date": "2025-08-02", "verified_purchase": false}]}');
+-------------------------+
| number of rows inserted |
|-------------------------|
| 1                       |
+-------------------------+
INSERT INTO products (product_id, product_data)
SELECT 'PROD-0026', PARSE_JSON('{"specifications": {"category": "Furniture", "brand": "UrbanNest", "color_options": ["White"], "subcategory": "Seating", "weight_kg": 11.22, "dimensions": {"length": 23.9, "width": 67.0, "height": 75.1, "unit": "cm"}}, "pricing": {"base_price": 569.37, "currency": "USD", "tax_rate": 0.0399, "discount_percentage": 20, "price_history": [{"date": "2026-01-07", "price": 532.15}]}, "suppliers": [{"supplier_id": "SUP-006", "supplier_name": "Atlas Wholesale", "country": "Mexico", "lead_time_days": 30, "is_primary": true}], "reviews": [{"review_id": "REV-PROD-0026-01", "customer_id": 1030, "rating": 3, "comment": "Perfect for everyday use.", "review_date": "2026-08-08", "verified_purchase": true}, {"review_id": "REV-PROD-0026-02", "customer_id": 1005, "rating": 3, "comment": "Not as durable as I expected.", "review_date": "2026-08-20", "verified_purchase": true}, {"review_id": "REV-PROD-0026-03", "customer_id": 1012, "rating": 1, "comment": "Exactly what I needed, no complaints.", "review_date": "2025-09-04", "verified_purchase": false}, {"review_id": "REV-PROD-0026-04", "customer_id": 1017, "rating": 1, "comment": "Not as durable as I expected.", "review_date": "2025-08-11", "verified_purchase": true}]}');
+-------------------------+
| number of rows inserted |
|-------------------------|
| 1                       |
+-------------------------+
INSERT INTO products (product_id, product_data)
SELECT 'PROD-0027', PARSE_JSON('{"specifications": {"category": "Automotive", "brand": "AutoEdge", "color_options": [], "weight_kg": 9.66, "dimensions": {"length": 35.6, "width": 55.9, "height": 23.3, "unit": "cm"}, "material": "Plastic"}, "pricing": {"base_price": 101.58, "currency": "USD", "tax_rate": 0.059, "cost_price": 53.85, "price_history": [{"date": "2025-04-26", "price": 94.1}, {"date": "2025-06-20", "price": 89.4}]}, "suppliers": [{"supplier_id": "SUP-005", "supplier_name": "Shenzhen Innovate Ltd.", "country": "China", "lead_time_days": 40, "is_primary": true}, {"supplier_id": "SUP-001", "supplier_name": "Pacific Rim Manufacturing", "country": "China", "lead_time_days": 37, "is_primary": false}, {"supplier_id": "SUP-004", "supplier_name": "Northland Distributors", "country": "Canada", "lead_time_days": 12, "is_primary": false}], "reviews": [{"review_id": "REV-PROD-0027-01", "customer_id": 1029, "rating": 3, "comment": "Perfect for everyday use.", "review_date": "2026-03-23", "verified_purchase": true}, {"review_id": "REV-PROD-0027-02", "customer_id": 1003, "rating": 5, "comment": "Exceeded my expectations, would buy again.", "review_date": "2026-08-04", "verified_purchase": true}]}');
+-------------------------+
| number of rows inserted |
|-------------------------|
| 1                       |
+-------------------------+
INSERT INTO products (product_id, product_data)
SELECT 'PROD-0028', PARSE_JSON('{"specifications": {"category": "Electronics", "brand": "SoundWave", "color_options": ["Blue", "Red"], "subcategory": "Storage", "weight_kg": 7.09, "dimensions": {"length": 40.7, "width": 23.2, "height": 19.3, "unit": "cm"}, "material": "Cotton"}, "pricing": {"base_price": 110.51, "currency": "USD", "tax_rate": 0.0921, "cost_price": 49.58, "price_history": [{"date": "2026-07-25", "price": 102.93}, {"date": "2025-10-04", "price": 101.8}]}, "suppliers": [{"supplier_id": "SUP-005", "supplier_name": "Shenzhen Innovate Ltd.", "country": "China", "lead_time_days": 6, "is_primary": true}], "reviews": [{"review_id": "REV-PROD-0028-01", "customer_id": 1003, "rating": 5, "comment": "Decent, but there''s room for improvement.", "review_date": "2026-01-12", "verified_purchase": true}, {"review_id": "REV-PROD-0028-02", "customer_id": 1027, "rating": 4, "comment": "Decent, but there''s room for improvement.", "review_date": "2026-06-12", "verified_purchase": true}, {"review_id": "REV-PROD-0028-03", "customer_id": 1022, "rating": 2, "comment": "Perfect for everyday use.", "review_date": "2025-11-20", "verified_purchase": true}, {"review_id": "REV-PROD-0028-04", "customer_id": 1007, "rating": 5, "comment": "Good product overall, packaging could be better.", "review_date": "2026-08-10", "verified_purchase": true}]}');
+-------------------------+
| number of rows inserted |
|-------------------------|
| 1                       |
+-------------------------+
INSERT INTO products (product_id, product_data)
SELECT 'PROD-0029', PARSE_JSON('{"specifications": {"category": "Home & Kitchen", "brand": "HomeEase", "color_options": ["Silver", "Green", "White"], "subcategory": "Cookware", "weight_kg": 0.16, "dimensions": {"length": 93.1, "width": 48.9, "height": 40.8, "unit": "cm"}, "material": "Wood"}, "pricing": {"base_price": 303.34, "currency": "USD", "tax_rate": 0.0142, "discount_percentage": 10, "cost_price": 176.6}, "suppliers": [{"supplier_id": "SUP-008", "supplier_name": "Sao Paulo Export Group", "country": "Brazil", "lead_time_days": 25, "is_primary": true}, {"supplier_id": "SUP-003", "supplier_name": "Global Source Partners", "country": "USA", "lead_time_days": 21, "is_primary": false}], "reviews": [{"review_id": "REV-PROD-0029-01", "customer_id": 1020, "rating": 4, "comment": null, "review_date": "2025-11-12", "verified_purchase": false}, {"review_id": "REV-PROD-0029-02", "customer_id": null, "rating": 4, "comment": "Perfect for everyday use.", "review_date": "2026-01-14", "verified_purchase": true}]}');
+-------------------------+
| number of rows inserted |
|-------------------------|
| 1                       |
+-------------------------+
INSERT INTO products (product_id, product_data)
SELECT 'PROD-0030', PARSE_JSON('{"specifications": {"category": "Sportswear", "brand": "ActiveCore", "color_options": ["Red", "Blue", "Gray"], "weight_kg": 12.34, "dimensions": {"length": 43.0, "width": 77.7, "height": 49.4, "unit": "cm"}}, "pricing": {"base_price": 115.37, "currency": "USD", "tax_rate": 0.031, "discount_percentage": 0}, "suppliers": [{"supplier_id": "SUP-005", "supplier_name": "Shenzhen Innovate Ltd.", "country": "China", "lead_time_days": 22, "is_primary": true}, {"supplier_id": "SUP-008", "supplier_name": "Sao Paulo Export Group", "country": "Brazil", "lead_time_days": 37, "is_primary": false}], "reviews": [{"review_id": "REV-PROD-0030-01", "customer_id": 1027, "rating": 5, "comment": null, "review_date": "2026-05-17", "verified_purchase": true}, {"review_id": "REV-PROD-0030-02", "customer_id": 1002, "rating": 5, "comment": null, "review_date": "2025-11-27", "verified_purchase": true}, {"review_id": "REV-PROD-0030-03", "customer_id": 1003, "rating": 5, "comment": "Not as durable as I expected.", "review_date": "2025-07-21", "verified_purchase": true}]}');
+-------------------------+
| number of rows inserted |
|-------------------------|
| 1                       |
+-------------------------+
INSERT INTO products (product_id, product_data)
SELECT 'PROD-0031', PARSE_JSON('{"specifications": {"category": "Books", "brand": "Northwind Publishing", "color_options": ["White", "Gray", "Blue", "Red"], "subcategory": "Reference", "weight_kg": 1.1, "material": "Glass"}, "pricing": {"base_price": 38.94, "currency": "USD", "tax_rate": 0.0504, "discount_percentage": 5}, "suppliers": [{"supplier_id": "SUP-005", "supplier_name": "Shenzhen Innovate Ltd.", "country": "China", "lead_time_days": 35, "is_primary": true}], "reviews": [{"review_id": "REV-PROD-0031-01", "customer_id": 1010, "rating": 3, "comment": "Exactly what I needed, no complaints.", "review_date": "2026-08-29", "verified_purchase": true}]}');
+-------------------------+
| number of rows inserted |
|-------------------------|
| 1                       |
+-------------------------+
INSERT INTO products (product_id, product_data)
SELECT 'PROD-0032', PARSE_JSON('{"specifications": {"category": "Beauty", "brand": "GlowLab", "color_options": ["White", "Red", "Gray", "Blue"], "weight_kg": 9.49, "dimensions": {"length": 74.4, "width": 31.5, "height": 79.5, "unit": "cm"}, "material": "Plastic"}, "pricing": {"base_price": 25.95, "currency": "USD", "tax_rate": 0.0657, "price_history": [{"date": "2025-01-05", "price": 28.01}, {"date": "2026-02-12", "price": 27.52}, {"date": "2026-08-24", "price": 22.16}]}, "suppliers": [{"supplier_id": "SUP-004", "supplier_name": "Northland Distributors", "country": "Canada", "lead_time_days": 14, "is_primary": true}], "reviews": [{"review_id": "REV-PROD-0032-01", "customer_id": 1009, "rating": 5, "comment": "Exactly what I needed, no complaints.", "review_date": "2025-08-13", "verified_purchase": true}, {"review_id": "REV-PROD-0032-02", "customer_id": 1004, "rating": 2, "comment": "Shipping was fast and the quality is solid.", "review_date": "2026-02-21", "verified_purchase": true}]}');
+-------------------------+
| number of rows inserted |
|-------------------------|
| 1                       |
+-------------------------+
USE DATABASE SEMI_STRUCTURED_DB;
+----------------------------------+
| status                           |
|----------------------------------|
| Statement executed successfully. |
+----------------------------------+
USE SCHEMA STAGING ;
+----------------------------------+
| status                           |
|----------------------------------|
| Statement executed successfully. |
+----------------------------------+
USE DATABASE SEMI_STRUCTURED_DB;
+----------------------------------+
| status                           |
|----------------------------------|
| Statement executed successfully. |
+----------------------------------+
USE SCHEMA STAGING;
+----------------------------------+
| status                           |
|----------------------------------|
| Statement executed successfully. |
+----------------------------------+
INSERT INTO orders (order_id, customer_id, order_data)
SELECT 'ORD-00001', 1001, PARSE_JSON('{"order_details": {"order_date": "2025-10-22T01:28:00Z", "order_status": "pending", "order_channel": "web", "currency": "USD"}, "items": [{"product_id": "PROD-0032", "product_name": "GlowLab Mineral Sunscreen SPF50", "quantity": 1, "unit_price": 25.95, "line_total": 25.95, "options": {"color": null, "size": "L"}}, {"product_id": "PROD-0030", "product_name": "ActiveCore Compression Leggings", "quantity": 2, "unit_price": 115.37, "line_total": 230.74, "options": {"color": "Blue", "size": "L"}}, {"product_id": "PROD-0028", "product_name": "SoundWave Wireless Charging Pad", "quantity": 2, "unit_price": 110.51, "line_total": 221.02}], "payment": {"method": "paypal", "transaction_id": "TXN-1957346036", "amount_paid": 467.71, "payment_status": "paid", "billing_address": {"street": "905 Sunset Rd", "city": "New York", "state": "NY", "zip": "86370", "country": "USA"}}, "shipping": {"method": "pickup", "carrier": null, "tracking_number": null, "estimated_delivery": "2025-10-29", "shipping_address": {"street": "905 Sunset Rd", "city": "New York", "state": "NY", "zip": "86370", "country": "USA"}, "cost": 0.0}, "discounts": [{"code": "SAVE10X", "type": "fixed_amount", "value": 10, "applied_amount": 10.0}]}');
+-------------------------+
| number of rows inserted |
|-------------------------|
| 1                       |
+-------------------------+
INSERT INTO orders (order_id, customer_id, order_data)
SELECT 'ORD-00002', 1002, PARSE_JSON('{"order_details": {"order_date": "2026-04-22T06:29:00Z", "order_status": "shipped", "order_channel": "in_store", "currency": "USD"}, "items": [{"product_id": "PROD-0017", "product_name": "UrbanNest Modern Accent Chair", "quantity": 2, "unit_price": 880.05, "line_total": 1760.1}, {"product_id": "PROD-0032", "product_name": "GlowLab Mineral Sunscreen SPF50", "quantity": 4, "unit_price": 25.95, "line_total": 103.8, "options": {"color": "Red", "size": "S"}}, {"product_id": "PROD-0005", "product_name": "GlowLab Hydrating Face Cream", "quantity": 2, "unit_price": 35.79, "line_total": 71.58}, {"product_id": "PROD-0016", "product_name": "OfficeForm Standing Desk Converter", "quantity": 2, "unit_price": 363.63, "line_total": 727.26}, {"product_id": "PROD-0025", "product_name": "OfficeForm Standing Desk Converter", "quantity": 2, "unit_price": 209.54, "line_total": 419.08}], "payment": {"method": "bank_transfer", "transaction_id": "TXN-5444929659", "amount_paid": 3061.82, "payment_status": "paid", "billing_address": {"street": "1527 Sunset Blvd", "city": "Phoenix", "state": "AZ", "zip": "81416", "country": "USA"}}, "shipping": {"method": "standard", "carrier": "FedEx", "tracking_number": "1Z695900689", "estimated_delivery": "2026-05-01", "shipping_address": {"street": "5764 Pine Ave", "city": "London", "state": "England", "zip": "7346", "country": "UK"}, "cost": 0}, "discounts": [{"code": "SAVE5X", "type": "fixed_amount", "value": 5, "applied_amount": 5.0}, {"code": "SAVE15X", "type": "fixed_amount", "value": 15, "applied_amount": 15.0}]}');
+-------------------------+
| number of rows inserted |
|-------------------------|
| 1                       |
+-------------------------+
INSERT INTO orders (order_id, customer_id, order_data)
SELECT 'ORD-00003', 1003, PARSE_JSON('{"order_details": {"order_date": "2026-01-01T23:49:00Z", "order_status": "processing", "order_channel": "phone", "currency": "USD"}, "items": [{"product_id": "PROD-0023", "product_name": "GlowLab Hydrating Face Cream", "quantity": 2, "unit_price": 51.52, "line_total": 103.04}, {"product_id": "PROD-0014", "product_name": "PureDerm Vitamin C Serum", "quantity": 4, "unit_price": 10.78, "line_total": 43.12, "options": {"color": "White", "size": "XL"}}, {"product_id": "PROD-0026", "product_name": "UrbanNest 3-Seat Fabric Sofa", "quantity": 2, "unit_price": 569.37, "line_total": 1138.74, "options": {"color": "Blue", "size": null}}, {"product_id": "PROD-0025", "product_name": "OfficeForm Standing Desk Converter", "quantity": 4, "unit_price": 209.54, "line_total": 838.16, "options": {"color": "Blue", "size": null}}], "payment": {"method": "paypal", "transaction_id": "TXN-2334828420", "amount_paid": 2128.05, "payment_status": "pending", "billing_address": {"street": "8415 Oak Ln", "city": "Houston", "state": "TX", "zip": "45443", "country": "USA"}}, "shipping": {"method": "express", "carrier": "FedEx", "tracking_number": null, "estimated_delivery": "2026-01-08", "shipping_address": {"street": "8415 Oak Ln", "city": "Houston", "state": "TX", "zip": "45443", "country": "USA"}, "cost": 4.99}}');
+-------------------------+
| number of rows inserted |
|-------------------------|
| 1                       |
+-------------------------+
INSERT INTO orders (order_id, customer_id, order_data)
SELECT 'ORD-00004', 1003, PARSE_JSON('{"order_details": {"order_date": "2025-10-26T20:06:00Z", "order_status": "pending", "order_channel": "mobile_app", "currency": "USD"}, "items": [{"product_id": "PROD-0020", "product_name": "HearthCraft Stainless Steel Cookware Set", "quantity": 2, "unit_price": 236.23, "line_total": 472.46}, {"product_id": "PROD-0013", "product_name": "Northwind Publishing Modern Data Systems (Textbook)", "quantity": 4, "unit_price": 48.61, "line_total": 194.44}, {"product_id": "PROD-0005", "product_name": "GlowLab Hydrating Face Cream", "quantity": 4, "unit_price": 35.79, "line_total": 143.16, "options": {"color": "Red", "size": "M"}}, {"product_id": "PROD-0006", "product_name": "SummitGear Hiking Backpack 40L", "quantity": 3, "unit_price": 75.53, "line_total": 226.59}], "payment": {"method": "gift_card", "transaction_id": "TXN-4152735322", "amount_paid": 1049.64, "payment_status": "paid", "billing_address": {"street": "7588 Sunset Rd", "city": "New York", "state": "NY", "zip": "56152", "country": "USA"}}, "shipping": {"method": "overnight", "carrier": "DHL", "tracking_number": null, "estimated_delivery": "2025-10-31", "shipping_address": {"street": "7588 Sunset Rd", "city": "New York", "state": "NY", "zip": "56152", "country": "USA"}, "cost": 12.99}, "discounts": []}');
+-------------------------+
| number of rows inserted |
|-------------------------|
| 1                       |
+-------------------------+
INSERT INTO orders (order_id, customer_id, order_data)
SELECT 'ORD-00005', 1004, PARSE_JSON('{"order_details": {"order_date": "2025-09-21T13:28:00Z", "order_status": "cancelled", "order_channel": "in_store", "currency": "USD"}, "items": [{"product_id": "PROD-0012", "product_name": "ActiveCore Yoga Mat", "quantity": 4, "unit_price": 50.52, "line_total": 202.08, "options": {"color": null, "size": "L"}}, {"product_id": "PROD-0015", "product_name": "SummitGear Hiking Backpack 40L", "quantity": 1, "unit_price": 245.4, "line_total": 245.4}, {"product_id": "PROD-0032", "product_name": "GlowLab Mineral Sunscreen SPF50", "quantity": 3, "unit_price": 25.95, "line_total": 77.85, "options": {"color": null, "size": null}}, {"product_id": "PROD-0017", "product_name": "UrbanNest Modern Accent Chair", "quantity": 1, "unit_price": 880.05, "line_total": 880.05, "options": {"color": "Black", "size": "S"}}], "payment": {"method": "bank_transfer", "transaction_id": "TXN-3184670820", "amount_paid": 1400.38, "payment_status": "refunded", "billing_address": {"street": "2101 Lake Ave", "city": "Paris", "state": "Ile-de-France", "zip": "1715", "country": "France"}}, "shipping": {"method": "pickup", "carrier": null, "tracking_number": "1Z854561135", "estimated_delivery": "2025-10-01", "shipping_address": {"street": "4616 Pine St", "city": "Dallas", "state": "TX", "zip": "55748", "country": "USA"}, "cost": 0.0}, "discounts": [{"code": "SAVE5X", "type": "fixed_amount", "value": 5, "applied_amount": 5.0}]}');
+-------------------------+
| number of rows inserted |
|-------------------------|
| 1                       |
+-------------------------+
INSERT INTO orders (order_id, customer_id, order_data)
SELECT 'ORD-00006', 1005, PARSE_JSON('{"order_details": {"order_date": "2026-06-07T18:36:00Z", "order_status": "processing", "order_channel": "mobile_app", "currency": "USD"}, "items": [{"product_id": "PROD-0017", "product_name": "UrbanNest Modern Accent Chair", "quantity": 2, "unit_price": 880.05, "line_total": 1760.1}, {"product_id": "PROD-0016", "product_name": "OfficeForm Standing Desk Converter", "quantity": 4, "unit_price": 363.63, "line_total": 1454.52}, {"product_id": "PROD-0004", "product_name": "Lantern Press Modern Data Systems (Textbook)", "quantity": 3, "unit_price": 48.56, "line_total": 145.68}], "payment": {"method": "credit_card", "transaction_id": "TXN-7649726818", "amount_paid": 3182.29, "payment_status": "paid", "card_last4": "3536", "billing_address": {"street": "5768 Main Ave", "city": "Phoenix", "state": "AZ", "zip": "28597", "country": "USA"}}, "shipping": {"method": "pickup", "carrier": null, "tracking_number": null, "estimated_delivery": "2026-06-15", "shipping_address": {"street": "5768 Main Ave", "city": "Phoenix", "state": "AZ", "zip": "28597", "country": "USA"}, "cost": 0.0}, "discounts": [{"code": "SAVE10NOW", "type": "fixed_amount", "value": 10, "applied_amount": 10.0}, {"code": "SAVE5NOW", "type": "percentage", "value": 5, "applied_amount": 168.01}]}');
+-------------------------+
| number of rows inserted |
|-------------------------|
| 1                       |
+-------------------------+
INSERT INTO orders (order_id, customer_id, order_data)
SELECT 'ORD-00007', 1006, PARSE_JSON('{"order_details": {"order_date": "2025-10-29T18:23:00Z", "order_status": "shipped", "order_channel": "in_store", "currency": "USD"}, "items": [{"product_id": "PROD-0024", "product_name": "SummitGear 2-Person Camping Tent", "quantity": 2, "unit_price": 289.01, "line_total": 578.02}, {"product_id": "PROD-0032", "product_name": "GlowLab Mineral Sunscreen SPF50", "quantity": 3, "unit_price": 25.95, "line_total": 77.85}], "payment": {"method": "credit_card", "transaction_id": "TXN-1195765378", "amount_paid": 668.86, "payment_status": "pending", "card_last4": "8954"}, "shipping": {"method": "overnight", "carrier": "USPS", "tracking_number": "1Z893493029", "estimated_delivery": "2025-11-04", "shipping_address": {"street": "2653 Highland Rd", "city": "Houston", "state": "TX", "zip": "71428", "country": "USA"}, "cost": 12.99}}');
+-------------------------+
| number of rows inserted |
|-------------------------|
| 1                       |
+-------------------------+
INSERT INTO orders (order_id, customer_id, order_data)
SELECT 'ORD-00008', 1006, PARSE_JSON('{"order_details": {"order_date": "2026-05-09T07:23:00Z", "order_status": "delivered", "order_channel": "mobile_app", "currency": "USD"}, "items": [{"product_id": "PROD-0013", "product_name": "Northwind Publishing Modern Data Systems (Textbook)", "quantity": 3, "unit_price": 48.61, "line_total": 145.83, "options": {"color": "Blue", "size": "M"}}, {"product_id": "PROD-0021", "product_name": "PeakForm Running Shoes", "quantity": 1, "unit_price": 73.49, "line_total": 73.49}, {"product_id": "PROD-0001", "product_name": "PixelEdge Wireless Bluetooth Headphones", "quantity": 1, "unit_price": 342.53, "line_total": 342.53}, {"product_id": "PROD-0023", "product_name": "GlowLab Hydrating Face Cream", "quantity": 4, "unit_price": 51.52, "line_total": 206.08, "options": {"color": "Blue", "size": "L"}}, {"product_id": "PROD-0006", "product_name": "SummitGear Hiking Backpack 40L", "quantity": 2, "unit_price": 75.53, "line_total": 151.06, "options": {"color": null, "size": "M"}}], "payment": {"method": "gift_card", "transaction_id": "TXN-2088988717", "amount_paid": 938.98, "payment_status": "paid"}, "shipping": {"method": "overnight", "carrier": "DHL", "tracking_number": "1Z154274416", "estimated_delivery": "2026-05-14", "shipping_address": {"street": "6225 Cedar Blvd", "city": "Denver", "state": "CO", "zip": "51963", "country": "USA"}, "cost": 19.99}, "discounts": []}');
+-------------------------+
| number of rows inserted |
|-------------------------|
| 1                       |
+-------------------------+
INSERT INTO orders (order_id, customer_id, order_data)
SELECT 'ORD-00009', 1006, PARSE_JSON('{"order_details": {"order_date": "2026-05-14T00:28:00Z", "order_status": "processing", "order_channel": "in_store", "currency": "USD"}, "items": [{"product_id": "PROD-0006", "product_name": "SummitGear Hiking Backpack 40L", "quantity": 2, "unit_price": 75.53, "line_total": 151.06}, {"product_id": "PROD-0010", "product_name": "TechNova Smart Home Speaker", "quantity": 4, "unit_price": 177.14, "line_total": 708.56}, {"product_id": "PROD-0015", "product_name": "SummitGear Hiking Backpack 40L", "quantity": 1, "unit_price": 245.4, "line_total": 245.4, "options": {"color": "Red", "size": "M"}}, {"product_id": "PROD-0011", "product_name": "HearthCraft Air Fryer", "quantity": 2, "unit_price": 185.04, "line_total": 370.08, "options": {"color": "Black", "size": "S"}}], "payment": {"method": "bank_transfer", "transaction_id": "TXN-9955186487", "amount_paid": 971.81, "payment_status": "paid", "billing_address": {"street": "2898 Cedar Rd", "city": "New York", "state": "NY", "zip": "48763", "country": "USA"}}, "shipping": {"method": "standard", "carrier": "FedEx", "tracking_number": null, "estimated_delivery": "2026-05-22", "shipping_address": {"street": "2898 Cedar Rd", "city": "New York", "state": "NY", "zip": "48763", "country": "USA"}, "cost": 12.99}, "discounts": [{"code": "SAVE15", "type": "percentage", "value": 15, "applied_amount": 221.26}, {"code": "SAVE20X", "type": "percentage", "value": 20, "applied_amount": 295.02}]}');
+-------------------------+
| number of rows inserted |
|-------------------------|
| 1                       |
+-------------------------+
INSERT INTO orders (order_id, customer_id, order_data)
SELECT 'ORD-00010', 1007, PARSE_JSON('{"order_details": {"order_date": "2026-07-15T12:16:00Z", "order_status": "pending", "order_channel": "web", "currency": "USD"}, "items": [{"product_id": "PROD-0022", "product_name": "Northwind Publishing The Long Horizon (Novel)", "quantity": 4, "unit_price": 27.93, "line_total": 111.72, "options": {"color": "Red", "size": "M"}}, {"product_id": "PROD-0020", "product_name": "HearthCraft Stainless Steel Cookware Set", "quantity": 3, "unit_price": 236.23, "line_total": 708.69, "options": {"color": null, "size": "S"}}], "payment": {"method": "paypal", "transaction_id": "TXN-1482203694", "amount_paid": 835.4, "payment_status": "paid", "billing_address": {"street": "8026 Sunset Ln", "city": "Austin", "state": "TX", "zip": "70051", "country": "USA"}}, "shipping": {"method": "overnight", "carrier": "FedEx", "tracking_number": null, "estimated_delivery": "2026-07-25", "shipping_address": {"street": "5908 Pine Ave", "city": "London", "state": "England", "zip": "8231", "country": "UK"}, "cost": 19.99}, "discounts": [{"code": "SAVE5", "type": "fixed_amount", "value": 5, "applied_amount": 5.0}]}');
+-------------------------+
| number of rows inserted |
|-------------------------|
| 1                       |
+-------------------------+
INSERT INTO orders (order_id, customer_id, order_data)
SELECT 'ORD-00011', 1007, PARSE_JSON('{"order_details": {"order_date": "2026-06-21T04:23:00Z", "order_status": "pending", "order_channel": "web", "currency": "USD"}, "items": [{"product_id": "PROD-0027", "product_name": "AutoEdge Car Phone Mount", "quantity": 4, "unit_price": 101.58, "line_total": 406.32}, {"product_id": "PROD-0005", "product_name": "GlowLab Hydrating Face Cream", "quantity": 1, "unit_price": 35.79, "line_total": 35.79, "options": {"color": null, "size": "S"}}], "payment": {"method": "credit_card", "transaction_id": "TXN-2599217804", "amount_paid": 442.11, "payment_status": "paid", "card_last4": "4491", "billing_address": {"street": "6989 Oak Ln", "city": "Phoenix", "state": "AZ", "zip": "36424", "country": "USA"}}, "shipping": {"method": "pickup", "carrier": null, "tracking_number": null, "estimated_delivery": "2026-06-24", "shipping_address": {"street": "3149 Elm Rd", "city": "Philadelphia", "state": "PA", "zip": "22204", "country": "USA"}, "cost": 0.0}, "discounts": []}');
+-------------------------+
| number of rows inserted |
|-------------------------|
| 1                       |
+-------------------------+
INSERT INTO orders (order_id, customer_id, order_data)
SELECT 'ORD-00012', 1007, PARSE_JSON('{"order_details": {"order_date": "2026-03-01T15:07:00Z", "order_status": "processing", "order_channel": "web", "currency": "USD", "notes": "Gift wrap requested."}, "items": [{"product_id": "PROD-0022", "product_name": "Northwind Publishing The Long Horizon (Novel)", "quantity": 2, "unit_price": 27.93, "line_total": 55.86}, {"product_id": "PROD-0001", "product_name": "PixelEdge Wireless Bluetooth Headphones", "quantity": 3, "unit_price": 342.53, "line_total": 1027.59, "options": {"color": "Black", "size": null}}, {"product_id": "PROD-0017", "product_name": "UrbanNest Modern Accent Chair", "quantity": 3, "unit_price": 880.05, "line_total": 2640.15}, {"product_id": "PROD-0008", "product_name": "UrbanNest Modern Accent Chair", "quantity": 3, "unit_price": 778.05, "line_total": 2334.15, "options": {"color": "Black", "size": "S"}}], "payment": {"method": "paypal", "transaction_id": "TXN-9054795941", "amount_paid": 6042.75, "payment_status": "paid", "billing_address": {"street": "2482 Lake Ln", "city": "Denver", "state": "CO", "zip": "73434", "country": "USA"}}, "shipping": {"method": "pickup", "carrier": null, "tracking_number": null, "estimated_delivery": "2026-03-03", "shipping_address": {"street": "9535 Lake St", "city": "New York", "state": "NY", "zip": "12746", "country": "USA"}, "cost": 0.0}, "discounts": [{"code": "SAVE15", "type": "fixed_amount", "value": 15, "applied_amount": 15.0}]}');
+-------------------------+
| number of rows inserted |
|-------------------------|
| 1                       |
+-------------------------+
INSERT INTO orders (order_id, customer_id, order_data)
SELECT 'ORD-00013', 1008, PARSE_JSON('{"order_details": {"order_date": "2025-09-19T14:24:00Z", "order_status": "pending", "order_channel": "in_store", "currency": "USD"}, "items": [{"product_id": "PROD-0026", "product_name": "UrbanNest 3-Seat Fabric Sofa", "quantity": 4, "unit_price": 569.37, "line_total": 2277.48}, {"product_id": "PROD-0031", "product_name": "Northwind Publishing Modern Data Systems (Textbook)", "quantity": 1, "unit_price": 38.94, "line_total": 38.94}, {"product_id": "PROD-0011", "product_name": "HearthCraft Air Fryer", "quantity": 2, "unit_price": 185.04, "line_total": 370.08}], "payment": {"method": "gift_card", "transaction_id": "TXN-7782447593", "amount_paid": 2691.49, "payment_status": "paid", "billing_address": {"street": "2399 Cedar Blvd", "city": "Los Angeles", "state": "CA", "zip": "60388", "country": "USA"}}, "shipping": {"method": "standard", "carrier": "USPS", "tracking_number": null, "estimated_delivery": "2025-09-22", "shipping_address": {"street": "5924 Lake Blvd", "city": "Philadelphia", "state": "PA", "zip": "85634", "country": "USA"}, "cost": 4.99}, "discounts": []}');
+-------------------------+
| number of rows inserted |
|-------------------------|
| 1                       |
+-------------------------+
INSERT INTO orders (order_id, customer_id, order_data)
SELECT 'ORD-00014', 1008, PARSE_JSON('{"order_details": {"order_date": "2026-01-13T11:09:00Z", "order_status": "shipped", "order_channel": "mobile_app", "currency": "USD"}, "items": [{"product_id": "PROD-0003", "product_name": "PeakForm Running Shoes", "quantity": 4, "unit_price": 125.01, "line_total": 500.04, "options": {"color": "Black", "size": "L"}}, {"product_id": "PROD-0007", "product_name": "OfficeForm Standing Desk Converter", "quantity": 3, "unit_price": 364.31, "line_total": 1092.93, "options": {"color": "White", "size": "M"}}, {"product_id": "PROD-0013", "product_name": "Northwind Publishing Modern Data Systems (Textbook)", "quantity": 1, "unit_price": 48.61, "line_total": 48.61}], "payment": {"method": "bank_transfer", "transaction_id": "TXN-7034349662", "amount_paid": 1388.33, "payment_status": "pending", "billing_address": {"street": "8263 Highland Ave", "city": "Sydney", "state": "NSW", "zip": "4847", "country": "Australia"}}, "shipping": {"method": "overnight", "carrier": "FedEx", "tracking_number": "1Z730064040", "estimated_delivery": "2026-01-16", "shipping_address": {"street": "8263 Highland Ave", "city": "Sydney", "state": "NSW", "zip": "4847", "country": "Australia"}, "cost": 7.99}, "discounts": [{"code": "SAVE15NOW", "type": "percentage", "value": 15, "applied_amount": 246.24}, {"code": "SAVE15", "type": "fixed_amount", "value": 15, "applied_amount": 15.0}]}');
+-------------------------+
| number of rows inserted |
|-------------------------|
| 1                       |
+-------------------------+
INSERT INTO orders (order_id, customer_id, order_data)
SELECT 'ORD-00015', 1008, PARSE_JSON('{"order_details": {"order_date": "2025-11-13T23:03:00Z", "order_status": "shipped", "order_channel": "mobile_app", "currency": "USD"}, "items": [{"product_id": "PROD-0017", "product_name": "UrbanNest Modern Accent Chair", "quantity": 1, "unit_price": 880.05, "line_total": 880.05, "options": {"color": "Blue", "size": null}}, {"product_id": "PROD-0022", "product_name": "Northwind Publishing The Long Horizon (Novel)", "quantity": 3, "unit_price": 27.93, "line_total": 83.79, "options": {"color": "Blue", "size": "XL"}}, {"product_id": "PROD-0005", "product_name": "GlowLab Hydrating Face Cream", "quantity": 1, "unit_price": 35.79, "line_total": 35.79, "options": {"color": "Blue", "size": "M"}}, {"product_id": "PROD-0013", "product_name": "Northwind Publishing Modern Data Systems (Textbook)", "quantity": 3, "unit_price": 48.61, "line_total": 145.83, "options": {"color": null, "size": "S"}}], "payment": {"method": "credit_card", "transaction_id": "TXN-7766643191", "amount_paid": 879.09, "payment_status": "paid", "card_last4": "1082"}, "shipping": {"method": "express", "carrier": "UPS", "tracking_number": "1Z787079066", "estimated_delivery": "2025-11-20", "shipping_address": {"street": "8233 Oak Ave", "city": "Seattle", "state": "WA", "zip": "41684", "country": "USA"}, "cost": 19.99}, "discounts": [{"code": "SAVE5", "type": "percentage", "value": 5, "applied_amount": 57.27}, {"code": "SAVE20X", "type": "percentage", "value": 20, "applied_amount": 229.09}]}');
+-------------------------+
| number of rows inserted |
|-------------------------|
| 1                       |
+-------------------------+
INSERT INTO orders (order_id, customer_id, order_data)
SELECT 'ORD-00016', 1009, PARSE_JSON('{"order_details": {"order_date": "2025-12-18T11:27:00Z", "order_status": "shipped", "order_channel": "in_store", "currency": "USD"}, "items": [{"product_id": "PROD-0002", "product_name": "HearthCraft Stainless Steel Cookware Set", "quantity": 2, "unit_price": 52.77, "line_total": 105.54}, {"product_id": "PROD-0032", "product_name": "GlowLab Mineral Sunscreen SPF50", "quantity": 4, "unit_price": 25.95, "line_total": 103.8, "options": {"color": "Black", "size": null}}, {"product_id": "PROD-0026", "product_name": "UrbanNest 3-Seat Fabric Sofa", "quantity": 3, "unit_price": 569.37, "line_total": 1708.11, "options": {"color": null, "size": "XL"}}, {"product_id": "PROD-0022", "product_name": "Northwind Publishing The Long Horizon (Novel)", "quantity": 3, "unit_price": 27.93, "line_total": 83.79, "options": {"color": "Black", "size": "S"}}], "payment": {"method": "paypal", "transaction_id": "TXN-2420944285", "amount_paid": 1595.98, "payment_status": "paid", "billing_address": {"street": "2347 Pine St", "city": "San Diego", "state": "CA", "zip": "56903", "country": "USA"}}, "shipping": {"method": "standard", "carrier": "UPS", "tracking_number": "1Z933214729", "estimated_delivery": "2025-12-24", "shipping_address": {"street": "2347 Pine St", "city": "San Diego", "state": "CA", "zip": "56903", "country": "USA"}, "cost": 4.99}, "discounts": [{"code": "SAVE20NOW", "type": "percentage", "value": 20, "applied_amount": 400.25}, {"code": "SAVE10", "type": "fixed_amount", "value": 10, "applied_amount": 10.0}]}');
+-------------------------+
| number of rows inserted |
|-------------------------|
| 1                       |
+-------------------------+
INSERT INTO orders (order_id, customer_id, order_data)
SELECT 'ORD-00017', 1009, PARSE_JSON('{"order_details": {"order_date": "2026-07-31T00:22:00Z", "order_status": "cancelled", "order_channel": "mobile_app", "currency": "USD"}, "items": [{"product_id": "PROD-0018", "product_name": "DriveTech Dash Cam 1080p", "quantity": 4, "unit_price": 46.08, "line_total": 184.32}, {"product_id": "PROD-0024", "product_name": "SummitGear 2-Person Camping Tent", "quantity": 3, "unit_price": 289.01, "line_total": 867.03}, {"product_id": "PROD-0009", "product_name": "AutoEdge Dash Cam 1080p", "quantity": 2, "unit_price": 148.72, "line_total": 297.44}, {"product_id": "PROD-0017", "product_name": "UrbanNest Modern Accent Chair", "quantity": 1, "unit_price": 880.05, "line_total": 880.05, "options": {"color": null, "size": "M"}}, {"product_id": "PROD-0001", "product_name": "PixelEdge Wireless Bluetooth Headphones", "quantity": 1, "unit_price": 342.53, "line_total": 342.53}], "payment": {"method": "bank_transfer", "transaction_id": "TXN-9213495531", "amount_paid": 2579.36, "payment_status": "refunded", "billing_address": {"street": "2456 Cedar Ave", "city": "Toronto", "state": "ON", "zip": "9658", "country": "Canada"}}, "shipping": {"method": "express", "carrier": "FedEx", "tracking_number": "1Z447711699", "estimated_delivery": "2026-08-02", "shipping_address": {"street": "2456 Cedar Ave", "city": "Toronto", "state": "ON", "zip": "9658", "country": "Canada"}, "cost": 7.99}}');
+-------------------------+
| number of rows inserted |
|-------------------------|
| 1                       |
+-------------------------+
INSERT INTO orders (order_id, customer_id, order_data)
SELECT 'ORD-00018', 1009, PARSE_JSON('{"order_details": {"order_date": "2025-09-08T10:00:00Z", "order_status": "pending", "order_channel": "phone", "currency": "USD", "notes": "Gift wrap requested."}, "items": [{"product_id": "PROD-0023", "product_name": "GlowLab Hydrating Face Cream", "quantity": 4, "unit_price": 51.52, "line_total": 206.08, "options": {"color": "White", "size": "S"}}, {"product_id": "PROD-0004", "product_name": "Lantern Press Modern Data Systems (Textbook)", "quantity": 3, "unit_price": 48.56, "line_total": 145.68}, {"product_id": "PROD-0015", "product_name": "SummitGear Hiking Backpack 40L", "quantity": 4, "unit_price": 245.4, "line_total": 981.6}, {"product_id": "PROD-0025", "product_name": "OfficeForm Standing Desk Converter", "quantity": 3, "unit_price": 209.54, "line_total": 628.62}, {"product_id": "PROD-0027", "product_name": "AutoEdge Car Phone Mount", "quantity": 4, "unit_price": 101.58, "line_total": 406.32, "options": {"color": "Blue", "size": "XL"}}], "payment": {"method": "paypal", "transaction_id": "TXN-9404514720", "amount_paid": 2381.29, "payment_status": "paid", "billing_address": {"street": "2246 Main Blvd", "city": "Austin", "state": "TX", "zip": "21591", "country": "USA"}}, "shipping": {"method": "express", "carrier": "FedEx", "tracking_number": null, "estimated_delivery": "2025-09-15", "shipping_address": {"street": "2246 Main Blvd", "city": "Austin", "state": "TX", "zip": "21591", "country": "USA"}, "cost": 12.99}}');
+-------------------------+
| number of rows inserted |
|-------------------------|
| 1                       |
+-------------------------+
INSERT INTO orders (order_id, customer_id, order_data)
SELECT 'ORD-00019', 1010, PARSE_JSON('{"order_details": {"order_date": "2026-04-13T20:44:00Z", "order_status": "processing", "order_channel": "web", "currency": "USD"}, "items": [{"product_id": "PROD-0009", "product_name": "AutoEdge Dash Cam 1080p", "quantity": 1, "unit_price": 148.72, "line_total": 148.72}, {"product_id": "PROD-0020", "product_name": "HearthCraft Stainless Steel Cookware Set", "quantity": 3, "unit_price": 236.23, "line_total": 708.69}, {"product_id": "PROD-0002", "product_name": "HearthCraft Stainless Steel Cookware Set", "quantity": 3, "unit_price": 52.77, "line_total": 158.31}, {"product_id": "PROD-0008", "product_name": "UrbanNest Modern Accent Chair", "quantity": 2, "unit_price": 778.05, "line_total": 1556.1}, {"product_id": "PROD-0010", "product_name": "TechNova Smart Home Speaker", "quantity": 4, "unit_price": 177.14, "line_total": 708.56}], "payment": {"method": "paypal", "transaction_id": "TXN-7763932570", "amount_paid": 3280.38, "payment_status": "paid", "billing_address": {"street": "1067 Oak St", "city": "Denver", "state": "CO", "zip": "73878", "country": "USA"}}, "shipping": {"method": "pickup", "carrier": null, "tracking_number": null, "estimated_delivery": "2026-04-17", "shipping_address": {"street": "549 Elm Ave", "city": "Denver", "state": "CO", "zip": "36395", "country": "USA"}, "cost": 0.0}, "discounts": []}');
+-------------------------+
| number of rows inserted |
|-------------------------|
| 1                       |
+-------------------------+
INSERT INTO orders (order_id, customer_id, order_data)
SELECT 'ORD-00020', 1010, PARSE_JSON('{"order_details": {"order_date": "2025-09-02T08:00:00Z", "order_status": "processing", "order_channel": "in_store", "currency": "USD"}, "items": [{"product_id": "PROD-0010", "product_name": "TechNova Smart Home Speaker", "quantity": 4, "unit_price": 177.14, "line_total": 708.56, "options": {"color": "Black", "size": "L"}}, {"product_id": "PROD-0008", "product_name": "UrbanNest Modern Accent Chair", "quantity": 2, "unit_price": 778.05, "line_total": 1556.1, "options": {"color": "White", "size": "S"}}, {"product_id": "PROD-0023", "product_name": "GlowLab Hydrating Face Cream", "quantity": 3, "unit_price": 51.52, "line_total": 154.56, "options": {"color": "Black", "size": "L"}}], "payment": {"method": "bank_transfer", "transaction_id": "TXN-7631298849", "amount_paid": 2424.21, "payment_status": "paid", "billing_address": {"street": "794 River Ln", "city": "Paris", "state": "Ile-de-France", "zip": "6941", "country": "France"}}, "shipping": {"method": "standard", "carrier": "USPS", "tracking_number": null, "estimated_delivery": "2025-09-10", "shipping_address": {"street": "794 River Ln", "city": "Paris", "state": "Ile-de-France", "zip": "6941", "country": "France"}, "cost": 4.99}, "discounts": []}');
+-------------------------+
| number of rows inserted |
|-------------------------|
| 1                       |
+-------------------------+
INSERT INTO orders (order_id, customer_id, order_data)
SELECT 'ORD-00021', 1011, PARSE_JSON('{"order_details": {"order_date": "2026-03-16T19:42:00Z", "order_status": "processing", "order_channel": "in_store", "currency": "USD"}, "items": [{"product_id": "PROD-0025", "product_name": "OfficeForm Standing Desk Converter", "quantity": 3, "unit_price": 209.54, "line_total": 628.62, "options": {"color": "Red", "size": "M"}}, {"product_id": "PROD-0027", "product_name": "AutoEdge Car Phone Mount", "quantity": 2, "unit_price": 101.58, "line_total": 203.16, "options": {"color": "Black", "size": null}}, {"product_id": "PROD-0010", "product_name": "TechNova Smart Home Speaker", "quantity": 1, "unit_price": 177.14, "line_total": 177.14, "options": {"color": "Black", "size": "XL"}}, {"product_id": "PROD-0001", "product_name": "PixelEdge Wireless Bluetooth Headphones", "quantity": 3, "unit_price": 342.53, "line_total": 1027.59, "options": {"color": "Red", "size": null}}, {"product_id": "PROD-0016", "product_name": "OfficeForm Standing Desk Converter", "quantity": 3, "unit_price": 363.63, "line_total": 1090.89}], "payment": {"method": "paypal", "transaction_id": "TXN-8582286882", "amount_paid": 3102.4, "payment_status": "paid", "billing_address": {"street": "1060 River Ln", "city": "Toronto", "state": "ON", "zip": "5364", "country": "Canada"}}, "shipping": {"method": "pickup", "carrier": null, "tracking_number": null, "estimated_delivery": "2026-03-23", "shipping_address": {"street": "1060 River Ln", "city": "Toronto", "state": "ON", "zip": "5364", "country": "Canada"}, "cost": 0.0}, "discounts": [{"code": "SAVE15NOW", "type": "fixed_amount", "value": 15, "applied_amount": 15.0}, {"code": "SAVE10NOW", "type": "fixed_amount", "value": 10, "applied_amount": 10.0}]}');
+-------------------------+
| number of rows inserted |
|-------------------------|
| 1                       |
+-------------------------+
INSERT INTO orders (order_id, customer_id, order_data)
SELECT 'ORD-00022', 1011, PARSE_JSON('{"order_details": {"order_date": "2026-05-26T21:05:00Z", "order_status": "cancelled", "order_channel": "in_store", "currency": "USD"}, "items": [{"product_id": "PROD-0015", "product_name": "SummitGear Hiking Backpack 40L", "quantity": 2, "unit_price": 245.4, "line_total": 490.8, "options": {"color": "White", "size": "M"}}, {"product_id": "PROD-0010", "product_name": "TechNova Smart Home Speaker", "quantity": 2, "unit_price": 177.14, "line_total": 354.28, "options": {"color": "Red", "size": "M"}}, {"product_id": "PROD-0005", "product_name": "GlowLab Hydrating Face Cream", "quantity": 1, "unit_price": 35.79, "line_total": 35.79}, {"product_id": "PROD-0024", "product_name": "SummitGear 2-Person Camping Tent", "quantity": 3, "unit_price": 289.01, "line_total": 867.03, "options": {"color": "Red", "size": "S"}}, {"product_id": "PROD-0014", "product_name": "PureDerm Vitamin C Serum", "quantity": 4, "unit_price": 10.78, "line_total": 43.12}], "payment": {"method": "bank_transfer", "transaction_id": "TXN-3985069655", "amount_paid": 1799.01, "payment_status": "refunded", "billing_address": {"street": "8572 Pine Blvd", "city": "Toronto", "state": "ON", "zip": "8418", "country": "Canada"}}, "shipping": {"method": "standard", "carrier": "FedEx", "tracking_number": "1Z914758316", "estimated_delivery": "2026-06-05", "shipping_address": {"street": "8572 Pine Blvd", "city": "Toronto", "state": "ON", "zip": "8418", "country": "Canada"}, "cost": 7.99}}');
+-------------------------+
| number of rows inserted |
|-------------------------|
| 1                       |
+-------------------------+
INSERT INTO orders (order_id, customer_id, order_data)
SELECT 'ORD-00023', 1012, PARSE_JSON('{"order_details": {"order_date": "2026-03-07T16:40:00Z", "order_status": "delivered", "order_channel": "phone", "currency": "USD", "notes": "Gift wrap requested."}, "items": [{"product_id": "PROD-0024", "product_name": "SummitGear 2-Person Camping Tent", "quantity": 3, "unit_price": 289.01, "line_total": 867.03}, {"product_id": "PROD-0022", "product_name": "Northwind Publishing The Long Horizon (Novel)", "quantity": 2, "unit_price": 27.93, "line_total": 55.86}, {"product_id": "PROD-0025", "product_name": "OfficeForm Standing Desk Converter", "quantity": 3, "unit_price": 209.54, "line_total": 628.62}], "payment": {"method": "paypal", "transaction_id": "TXN-8697926369", "amount_paid": 1559.5, "payment_status": "paid", "billing_address": {"street": "3972 Main Rd", "city": "Austin", "state": "TX", "zip": "21970", "country": "USA"}}, "shipping": {"method": "overnight", "carrier": "DHL", "tracking_number": "1Z494250538", "estimated_delivery": "2026-03-09", "shipping_address": {"street": "3972 Main Rd", "city": "Austin", "state": "TX", "zip": "21970", "country": "USA"}, "cost": 7.99}, "discounts": []}');
+-------------------------+
| number of rows inserted |
|-------------------------|
| 1                       |
+-------------------------+
INSERT INTO orders (order_id, customer_id, order_data)
SELECT 'ORD-00024', 1012, PARSE_JSON('{"order_details": {"order_date": "2026-01-30T23:12:00Z", "order_status": "delivered", "order_channel": "phone", "currency": "USD"}, "items": [{"product_id": "PROD-0017", "product_name": "UrbanNest Modern Accent Chair", "quantity": 2, "unit_price": 880.05, "line_total": 1760.1, "options": {"color": null, "size": "L"}}, {"product_id": "PROD-0023", "product_name": "GlowLab Hydrating Face Cream", "quantity": 1, "unit_price": 51.52, "line_total": 51.52, "options": {"color": "Blue", "size": "S"}}, {"product_id": "PROD-0016", "product_name": "OfficeForm Standing Desk Converter", "quantity": 1, "unit_price": 363.63, "line_total": 363.63, "options": {"color": "Red", "size": "XL"}}, {"product_id": "PROD-0025", "product_name": "OfficeForm Standing Desk Converter", "quantity": 4, "unit_price": 209.54, "line_total": 838.16}, {"product_id": "PROD-0009", "product_name": "AutoEdge Dash Cam 1080p", "quantity": 1, "unit_price": 148.72, "line_total": 148.72}], "payment": {"method": "gift_card", "transaction_id": "TXN-7673734674", "amount_paid": 2979.02, "payment_status": "pending", "billing_address": {"street": "1273 Elm St", "city": "Dallas", "state": "TX", "zip": "23330", "country": "USA"}}, "shipping": {"method": "pickup", "carrier": null, "tracking_number": "1Z633588588", "estimated_delivery": "2026-02-02", "shipping_address": {"street": "2226 Pine St", "city": "Sydney", "state": "NSW", "zip": "4807", "country": "Australia"}, "cost": 0.0}, "discounts": [{"code": "SAVE25X", "type": "fixed_amount", "value": 25, "applied_amount": 25.0}, {"code": "SAVE5X", "type": "percentage", "value": 5, "applied_amount": 158.11}]}');
+-------------------------+
| number of rows inserted |
|-------------------------|
| 1                       |
+-------------------------+
INSERT INTO orders (order_id, customer_id, order_data)
SELECT 'ORD-00025', 1013, PARSE_JSON('{"order_details": {"order_date": "2025-12-20T06:34:00Z", "order_status": "cancelled", "order_channel": "in_store", "currency": "USD", "notes": null}, "items": [{"product_id": "PROD-0004", "product_name": "Lantern Press Modern Data Systems (Textbook)", "quantity": 2, "unit_price": 48.56, "line_total": 97.12, "options": {"color": "Black", "size": "M"}}, {"product_id": "PROD-0013", "product_name": "Northwind Publishing Modern Data Systems (Textbook)", "quantity": 3, "unit_price": 48.61, "line_total": 145.83}, {"product_id": "PROD-0022", "product_name": "Northwind Publishing The Long Horizon (Novel)", "quantity": 1, "unit_price": 27.93, "line_total": 27.93}, {"product_id": "PROD-0031", "product_name": "Northwind Publishing Modern Data Systems (Textbook)", "quantity": 3, "unit_price": 38.94, "line_total": 116.82, "options": {"color": "Black", "size": "L"}}, {"product_id": "PROD-0027", "product_name": "AutoEdge Car Phone Mount", "quantity": 4, "unit_price": 101.58, "line_total": 406.32}], "payment": {"method": "paypal", "transaction_id": "TXN-8737166347", "amount_paid": 779.02, "payment_status": "refunded", "billing_address": {"street": "5006 Sunset Ave", "city": "Austin", "state": "TX", "zip": "16829", "country": "USA"}}, "shipping": {"method": "pickup", "carrier": null, "tracking_number": "1Z697137200", "estimated_delivery": "2025-12-22", "shipping_address": {"street": "5006 Sunset Ave", "city": "Austin", "state": "TX", "zip": "16829", "country": "USA"}, "cost": 0.0}, "discounts": [{"code": "SAVE5X", "type": "fixed_amount", "value": 5, "applied_amount": 5.0}, {"code": "SAVE10X", "type": "fixed_amount", "value": 10, "applied_amount": 10.0}]}');
+-------------------------+
| number of rows inserted |
|-------------------------|
| 1                       |
+-------------------------+
INSERT INTO orders (order_id, customer_id, order_data)
SELECT 'ORD-00026', 1013, PARSE_JSON('{"order_details": {"order_date": "2026-02-08T15:11:00Z", "order_status": "pending", "order_channel": "web", "currency": "USD", "notes": "Gift wrap requested."}, "items": [{"product_id": "PROD-0027", "product_name": "AutoEdge Car Phone Mount", "quantity": 1, "unit_price": 101.58, "line_total": 101.58}, {"product_id": "PROD-0021", "product_name": "PeakForm Running Shoes", "quantity": 4, "unit_price": 73.49, "line_total": 293.96}], "payment": {"method": "bank_transfer", "transaction_id": "TXN-8510477665", "amount_paid": 350.76, "payment_status": "paid", "billing_address": {"street": "8467 Oak Rd", "city": "San Diego", "state": "CA", "zip": "22482", "country": "USA"}}, "shipping": {"method": "pickup", "carrier": null, "tracking_number": null, "estimated_delivery": "2026-02-13", "shipping_address": {"street": "812 Cedar St", "city": "Houston", "state": "TX", "zip": "88156", "country": "USA"}, "cost": 0.0}, "discounts": [{"code": "SAVE25", "type": "fixed_amount", "value": 25, "applied_amount": 25.0}, {"code": "SAVE5", "type": "percentage", "value": 5, "applied_amount": 19.78}]}');
+-------------------------+
| number of rows inserted |
|-------------------------|
| 1                       |
+-------------------------+
INSERT INTO orders (order_id, customer_id, order_data)
SELECT 'ORD-00027', 1013, PARSE_JSON('{"order_details": {"order_date": "2025-10-17T06:29:00Z", "order_status": "pending", "order_channel": "mobile_app", "currency": "USD", "notes": null}, "items": [{"product_id": "PROD-0015", "product_name": "SummitGear Hiking Backpack 40L", "quantity": 1, "unit_price": 245.4, "line_total": 245.4, "options": {"color": "White", "size": "S"}}, {"product_id": "PROD-0017", "product_name": "UrbanNest Modern Accent Chair", "quantity": 2, "unit_price": 880.05, "line_total": 1760.1, "options": {"color": "Blue", "size": "M"}}, {"product_id": "PROD-0029", "product_name": "HomeEase Stainless Steel Cookware Set", "quantity": 3, "unit_price": 303.34, "line_total": 910.02, "options": {"color": "White", "size": "L"}}, {"product_id": "PROD-0028", "product_name": "SoundWave Wireless Charging Pad", "quantity": 3, "unit_price": 110.51, "line_total": 331.53}, {"product_id": "PROD-0010", "product_name": "TechNova Smart Home Speaker", "quantity": 2, "unit_price": 177.14, "line_total": 354.28}], "payment": {"method": "gift_card", "transaction_id": "TXN-8210849921", "amount_paid": 3596.33, "payment_status": "paid"}, "shipping": {"method": "pickup", "carrier": null, "tracking_number": null, "estimated_delivery": "2025-10-24", "shipping_address": {"street": "4778 Sunset Ln", "city": "Phoenix", "state": "AZ", "zip": "22267", "country": "USA"}, "cost": 0.0}, "discounts": [{"code": "SAVE5X", "type": "fixed_amount", "value": 5, "applied_amount": 5.0}]}');
+-------------------------+
| number of rows inserted |
|-------------------------|
| 1                       |
+-------------------------+
INSERT INTO orders (order_id, customer_id, order_data)
SELECT 'ORD-00028', 1014, PARSE_JSON('{"order_details": {"order_date": "2025-12-17T07:37:00Z", "order_status": "cancelled", "order_channel": "in_store", "currency": "USD"}, "items": [{"product_id": "PROD-0019", "product_name": "PixelEdge Wireless Bluetooth Headphones", "quantity": 3, "unit_price": 64.99, "line_total": 194.97}, {"product_id": "PROD-0032", "product_name": "GlowLab Mineral Sunscreen SPF50", "quantity": 4, "unit_price": 25.95, "line_total": 103.8, "options": {"color": "Black", "size": "M"}}], "payment": {"method": "credit_card", "transaction_id": "TXN-5154756344", "amount_paid": 318.76, "payment_status": "refunded", "card_last4": "6640"}, "shipping": {"method": "overnight", "carrier": "FedEx", "tracking_number": "1Z804945740", "estimated_delivery": "2025-12-23", "shipping_address": {"street": "3308 Cedar Rd", "city": "Chicago", "state": "IL", "zip": "45543", "country": "USA"}, "cost": 19.99}}');
+-------------------------+
| number of rows inserted |
|-------------------------|
| 1                       |
+-------------------------+
INSERT INTO orders (order_id, customer_id, order_data)
SELECT 'ORD-00029', 1015, PARSE_JSON('{"order_details": {"order_date": "2026-04-19T13:36:00Z", "order_status": "delivered", "order_channel": "in_store", "currency": "USD"}, "items": [{"product_id": "PROD-0022", "product_name": "Northwind Publishing The Long Horizon (Novel)", "quantity": 1, "unit_price": 27.93, "line_total": 27.93, "options": {"color": "Blue", "size": "S"}}, {"product_id": "PROD-0024", "product_name": "SummitGear 2-Person Camping Tent", "quantity": 4, "unit_price": 289.01, "line_total": 1156.04}, {"product_id": "PROD-0012", "product_name": "ActiveCore Yoga Mat", "quantity": 1, "unit_price": 50.52, "line_total": 50.52, "options": {"color": null, "size": "XL"}}], "payment": {"method": "paypal", "transaction_id": "TXN-2543770834", "amount_paid": 1234.49, "payment_status": "paid", "billing_address": {"street": "9500 Oak Rd", "city": "Paris", "state": "Ile-de-France", "zip": "3162", "country": "France"}}, "shipping": {"method": "standard", "carrier": "DHL", "tracking_number": "1Z425755566", "estimated_delivery": "2026-04-23", "shipping_address": {"street": "9500 Oak Rd", "city": "Paris", "state": "Ile-de-France", "zip": "3162", "country": "France"}, "cost": 0}}');
+-------------------------+
| number of rows inserted |
|-------------------------|
| 1                       |
+-------------------------+
INSERT INTO orders (order_id, customer_id, order_data)
SELECT 'ORD-00030', 1016, PARSE_JSON('{"order_details": {"order_date": "2026-01-01T07:56:00Z", "order_status": "pending", "order_channel": "web", "currency": "USD"}, "items": [{"product_id": "PROD-0032", "product_name": "GlowLab Mineral Sunscreen SPF50", "quantity": 3, "unit_price": 25.95, "line_total": 77.85}, {"product_id": "PROD-0018", "product_name": "DriveTech Dash Cam 1080p", "quantity": 2, "unit_price": 46.08, "line_total": 92.16, "options": {"color": "Black", "size": null}}, {"product_id": "PROD-0008", "product_name": "UrbanNest Modern Accent Chair", "quantity": 3, "unit_price": 778.05, "line_total": 2334.15}], "payment": {"method": "credit_card", "transaction_id": "TXN-3449899166", "amount_paid": 2504.16, "payment_status": "paid", "card_last4": "2426", "billing_address": {"street": "516 River Rd", "city": "Austin", "state": "TX", "zip": "91820", "country": "USA"}}, "shipping": {"method": "pickup", "carrier": null, "tracking_number": null, "estimated_delivery": "2026-01-11", "shipping_address": {"street": "2092 Sunset Ln", "city": "San Diego", "state": "CA", "zip": "75771", "country": "USA"}, "cost": 0.0}}');
+-------------------------+
| number of rows inserted |
|-------------------------|
| 1                       |
+-------------------------+
INSERT INTO orders (order_id, customer_id, order_data)
SELECT 'ORD-00031', 1017, PARSE_JSON('{"order_details": {"order_date": "2025-11-01T04:13:00Z", "order_status": "pending", "order_channel": "mobile_app", "currency": "USD", "notes": "Customer requested expedited handling."}, "items": [{"product_id": "PROD-0015", "product_name": "SummitGear Hiking Backpack 40L", "quantity": 2, "unit_price": 245.4, "line_total": 490.8}, {"product_id": "PROD-0016", "product_name": "OfficeForm Standing Desk Converter", "quantity": 3, "unit_price": 363.63, "line_total": 1090.89, "options": {"color": "Black", "size": "M"}}, {"product_id": "PROD-0004", "product_name": "Lantern Press Modern Data Systems (Textbook)", "quantity": 2, "unit_price": 48.56, "line_total": 97.12, "options": {"color": "Blue", "size": "S"}}], "payment": {"method": "credit_card", "transaction_id": "TXN-5283344261", "amount_paid": 1574.86, "payment_status": "pending", "card_last4": "1618", "billing_address": {"street": "8388 Cedar Ave", "city": "Phoenix", "state": "AZ", "zip": "55130", "country": "USA"}}, "shipping": {"method": "standard", "carrier": "UPS", "tracking_number": null, "estimated_delivery": "2025-11-04", "shipping_address": {"street": "8388 Cedar Ave", "city": "Phoenix", "state": "AZ", "zip": "55130", "country": "USA"}, "cost": 4.99}, "discounts": [{"code": "SAVE5X", "type": "percentage", "value": 5, "applied_amount": 83.94}, {"code": "SAVE25", "type": "fixed_amount", "value": 25, "applied_amount": 25.0}]}');
+-------------------------+
| number of rows inserted |
|-------------------------|
| 1                       |
+-------------------------+
INSERT INTO orders (order_id, customer_id, order_data)
SELECT 'ORD-00032', 1017, PARSE_JSON('{"order_details": {"order_date": "2025-12-11T21:50:00Z", "order_status": "pending", "order_channel": "phone", "currency": "USD", "notes": "Customer requested expedited handling."}, "items": [{"product_id": "PROD-0027", "product_name": "AutoEdge Car Phone Mount", "quantity": 4, "unit_price": 101.58, "line_total": 406.32, "options": {"color": "Red", "size": "M"}}, {"product_id": "PROD-0006", "product_name": "SummitGear Hiking Backpack 40L", "quantity": 3, "unit_price": 75.53, "line_total": 226.59, "options": {"color": "Blue", "size": "S"}}, {"product_id": "PROD-0023", "product_name": "GlowLab Hydrating Face Cream", "quantity": 4, "unit_price": 51.52, "line_total": 206.08, "options": {"color": null, "size": "M"}}, {"product_id": "PROD-0011", "product_name": "HearthCraft Air Fryer", "quantity": 4, "unit_price": 185.04, "line_total": 740.16}], "payment": {"method": "bank_transfer", "transaction_id": "TXN-1374085126", "amount_paid": 1342.28, "payment_status": "paid", "billing_address": {"street": "8081 Elm St", "city": "Dallas", "state": "TX", "zip": "61381", "country": "USA"}}, "shipping": {"method": "pickup", "carrier": null, "tracking_number": null, "estimated_delivery": "2025-12-19", "shipping_address": {"street": "8081 Elm St", "city": "Dallas", "state": "TX", "zip": "61381", "country": "USA"}, "cost": 0.0}, "discounts": [{"code": "SAVE5X", "type": "percentage", "value": 5, "applied_amount": 78.96}, {"code": "SAVE10", "type": "percentage", "value": 10, "applied_amount": 157.91}]}');
+-------------------------+
| number of rows inserted |
|-------------------------|
| 1                       |
+-------------------------+
INSERT INTO orders (order_id, customer_id, order_data)
SELECT 'ORD-00033', 1018, PARSE_JSON('{"order_details": {"order_date": "2025-09-03T07:22:00Z", "order_status": "shipped", "order_channel": "phone", "currency": "USD"}, "items": [{"product_id": "PROD-0002", "product_name": "HearthCraft Stainless Steel Cookware Set", "quantity": 4, "unit_price": 52.77, "line_total": 211.08}, {"product_id": "PROD-0008", "product_name": "UrbanNest Modern Accent Chair", "quantity": 2, "unit_price": 778.05, "line_total": 1556.1}, {"product_id": "PROD-0031", "product_name": "Northwind Publishing Modern Data Systems (Textbook)", "quantity": 4, "unit_price": 38.94, "line_total": 155.76, "options": {"color": null, "size": "S"}}, {"product_id": "PROD-0027", "product_name": "AutoEdge Car Phone Mount", "quantity": 3, "unit_price": 101.58, "line_total": 304.74}, {"product_id": "PROD-0020", "product_name": "HearthCraft Stainless Steel Cookware Set", "quantity": 3, "unit_price": 236.23, "line_total": 708.69}], "payment": {"method": "gift_card", "transaction_id": "TXN-5991670307", "amount_paid": 2202.28, "payment_status": "paid"}, "shipping": {"method": "pickup", "carrier": null, "tracking_number": "1Z288277061", "estimated_delivery": "2025-09-06", "shipping_address": {"street": "5460 Cedar Blvd", "city": "Austin", "state": "TX", "zip": "31943", "country": "USA"}, "cost": 0.0}, "discounts": [{"code": "SAVE5", "type": "percentage", "value": 5, "applied_amount": 146.82}, {"code": "SAVE20", "type": "percentage", "value": 20, "applied_amount": 587.27}]}');
+-------------------------+
| number of rows inserted |
|-------------------------|
| 1                       |
+-------------------------+
INSERT INTO orders (order_id, customer_id, order_data)
SELECT 'ORD-00034', 1018, PARSE_JSON('{"order_details": {"order_date": "2026-01-04T16:57:00Z", "order_status": "delivered", "order_channel": "mobile_app", "currency": "USD", "notes": null}, "items": [{"product_id": "PROD-0023", "product_name": "GlowLab Hydrating Face Cream", "quantity": 3, "unit_price": 51.52, "line_total": 154.56, "options": {"color": "Black", "size": null}}, {"product_id": "PROD-0007", "product_name": "OfficeForm Standing Desk Converter", "quantity": 3, "unit_price": 364.31, "line_total": 1092.93}, {"product_id": "PROD-0025", "product_name": "OfficeForm Standing Desk Converter", "quantity": 3, "unit_price": 209.54, "line_total": 628.62}, {"product_id": "PROD-0009", "product_name": "AutoEdge Dash Cam 1080p", "quantity": 4, "unit_price": 148.72, "line_total": 594.88, "options": {"color": "Black", "size": "XL"}}], "payment": {"method": "credit_card", "transaction_id": "TXN-9367571930", "amount_paid": 2470.99, "payment_status": "pending", "card_last4": "3244"}, "shipping": {"method": "standard", "carrier": "USPS", "tracking_number": "1Z255183900", "estimated_delivery": "2026-01-09", "shipping_address": {"street": "9142 River Rd", "city": "Houston", "state": "TX", "zip": "50782", "country": "USA"}, "cost": 0}, "discounts": []}');
+-------------------------+
| number of rows inserted |
|-------------------------|
| 1                       |
+-------------------------+
INSERT INTO orders (order_id, customer_id, order_data)
SELECT 'ORD-00035', 1019, PARSE_JSON('{"order_details": {"order_date": "2025-09-24T16:51:00Z", "order_status": "delivered", "order_channel": "web", "currency": "USD"}, "items": [{"product_id": "PROD-0018", "product_name": "DriveTech Dash Cam 1080p", "quantity": 1, "unit_price": 46.08, "line_total": 46.08}, {"product_id": "PROD-0016", "product_name": "OfficeForm Standing Desk Converter", "quantity": 4, "unit_price": 363.63, "line_total": 1454.52, "options": {"color": "Red", "size": "XL"}}, {"product_id": "PROD-0019", "product_name": "PixelEdge Wireless Bluetooth Headphones", "quantity": 3, "unit_price": 64.99, "line_total": 194.97, "options": {"color": "Blue", "size": "L"}}], "payment": {"method": "paypal", "transaction_id": "TXN-8221591789", "amount_paid": 1695.57, "payment_status": "paid", "billing_address": {"street": "8732 Highland Ave", "city": "Los Angeles", "state": "CA", "zip": "36317", "country": "USA"}}, "shipping": {"method": "pickup", "carrier": null, "tracking_number": "1Z934381650", "estimated_delivery": "2025-10-01", "shipping_address": {"street": "8732 Highland Ave", "city": "Los Angeles", "state": "CA", "zip": "36317", "country": "USA"}, "cost": 0.0}, "discounts": []}');
+-------------------------+
| number of rows inserted |
|-------------------------|
| 1                       |
+-------------------------+
INSERT INTO orders (order_id, customer_id, order_data)
SELECT 'ORD-00036', 1019, PARSE_JSON('{"order_details": {"order_date": "2025-12-05T04:17:00Z", "order_status": "shipped", "order_channel": "phone", "currency": "USD"}, "items": [{"product_id": "PROD-0031", "product_name": "Northwind Publishing Modern Data Systems (Textbook)", "quantity": 4, "unit_price": 38.94, "line_total": 155.76}, {"product_id": "PROD-0013", "product_name": "Northwind Publishing Modern Data Systems (Textbook)", "quantity": 3, "unit_price": 48.61, "line_total": 145.83}, {"product_id": "PROD-0021", "product_name": "PeakForm Running Shoes", "quantity": 3, "unit_price": 73.49, "line_total": 220.47}, {"product_id": "PROD-0029", "product_name": "HomeEase Stainless Steel Cookware Set", "quantity": 4, "unit_price": 303.34, "line_total": 1213.36}], "payment": {"method": "bank_transfer", "transaction_id": "TXN-4232528860", "amount_paid": 1735.42, "payment_status": "paid", "billing_address": {"street": "6698 Cedar Blvd", "city": "Paris", "state": "Ile-de-France", "zip": "1720", "country": "France"}}, "shipping": {"method": "pickup", "carrier": null, "tracking_number": "1Z524708022", "estimated_delivery": "2025-12-15", "shipping_address": {"street": "6698 Cedar Blvd", "city": "Paris", "state": "Ile-de-France", "zip": "1720", "country": "France"}, "cost": 0.0}, "discounts": []}');
+-------------------------+
| number of rows inserted |
|-------------------------|
| 1                       |
+-------------------------+
INSERT INTO orders (order_id, customer_id, order_data)
SELECT 'ORD-00037', 1020, PARSE_JSON('{"order_details": {"order_date": "2025-11-02T21:59:00Z", "order_status": "shipped", "order_channel": "in_store", "currency": "USD"}, "items": [{"product_id": "PROD-0001", "product_name": "PixelEdge Wireless Bluetooth Headphones", "quantity": 3, "unit_price": 342.53, "line_total": 1027.59, "options": {"color": "Black", "size": null}}, {"product_id": "PROD-0003", "product_name": "PeakForm Running Shoes", "quantity": 1, "unit_price": 125.01, "line_total": 125.01, "options": {"color": "Red", "size": "S"}}, {"product_id": "PROD-0020", "product_name": "HearthCraft Stainless Steel Cookware Set", "quantity": 3, "unit_price": 236.23, "line_total": 708.69}, {"product_id": "PROD-0023", "product_name": "GlowLab Hydrating Face Cream", "quantity": 2, "unit_price": 51.52, "line_total": 103.04, "options": {"color": "Black", "size": "XL"}}, {"product_id": "PROD-0024", "product_name": "SummitGear 2-Person Camping Tent", "quantity": 4, "unit_price": 289.01, "line_total": 1156.04, "options": {"color": "Blue", "size": "XL"}}], "payment": {"method": "gift_card", "transaction_id": "TXN-3928762420", "amount_paid": 3128.36, "payment_status": "pending"}, "shipping": {"method": "overnight", "carrier": "UPS", "tracking_number": "1Z716153837", "estimated_delivery": "2025-11-07", "shipping_address": {"street": "2359 Pine Ln", "city": "Philadelphia", "state": "PA", "zip": "64216", "country": "USA"}, "cost": 7.99}, "discounts": []}');
+-------------------------+
| number of rows inserted |
|-------------------------|
| 1                       |
+-------------------------+
INSERT INTO orders (order_id, customer_id, order_data)
SELECT 'ORD-00038', 1020, PARSE_JSON('{"order_details": {"order_date": "2026-03-26T06:00:00Z", "order_status": "processing", "order_channel": "phone", "currency": "USD"}, "items": [{"product_id": "PROD-0009", "product_name": "AutoEdge Dash Cam 1080p", "quantity": 1, "unit_price": 148.72, "line_total": 148.72, "options": {"color": "Black", "size": "XL"}}, {"product_id": "PROD-0010", "product_name": "TechNova Smart Home Speaker", "quantity": 3, "unit_price": 177.14, "line_total": 531.42}, {"product_id": "PROD-0015", "product_name": "SummitGear Hiking Backpack 40L", "quantity": 4, "unit_price": 245.4, "line_total": 981.6, "options": {"color": "Blue", "size": "S"}}, {"product_id": "PROD-0016", "product_name": "OfficeForm Standing Desk Converter", "quantity": 3, "unit_price": 363.63, "line_total": 1090.89, "options": {"color": "White", "size": "L"}}], "payment": {"method": "paypal", "transaction_id": "TXN-7214269381", "amount_paid": 2760.62, "payment_status": "paid", "billing_address": {"street": "8484 Oak St", "city": "New York", "state": "NY", "zip": "52617", "country": "USA"}}, "shipping": {"method": "standard", "carrier": "UPS", "tracking_number": null, "estimated_delivery": "2026-03-28", "shipping_address": {"street": "8484 Oak St", "city": "New York", "state": "NY", "zip": "52617", "country": "USA"}, "cost": 7.99}, "discounts": []}');
+-------------------------+
| number of rows inserted |
|-------------------------|
| 1                       |
+-------------------------+
INSERT INTO orders (order_id, customer_id, order_data)
SELECT 'ORD-00039', 1020, PARSE_JSON('{"order_details": {"order_date": "2026-04-28T21:56:00Z", "order_status": "pending", "order_channel": "phone", "currency": "USD"}, "items": [{"product_id": "PROD-0015", "product_name": "SummitGear Hiking Backpack 40L", "quantity": 2, "unit_price": 245.4, "line_total": 490.8, "options": {"color": "Black", "size": null}}, {"product_id": "PROD-0019", "product_name": "PixelEdge Wireless Bluetooth Headphones", "quantity": 3, "unit_price": 64.99, "line_total": 194.97}, {"product_id": "PROD-0022", "product_name": "Northwind Publishing The Long Horizon (Novel)", "quantity": 1, "unit_price": 27.93, "line_total": 27.93, "options": {"color": "Blue", "size": "S"}}, {"product_id": "PROD-0014", "product_name": "PureDerm Vitamin C Serum", "quantity": 1, "unit_price": 10.78, "line_total": 10.78}, {"product_id": "PROD-0002", "product_name": "HearthCraft Stainless Steel Cookware Set", "quantity": 4, "unit_price": 52.77, "line_total": 211.08}], "payment": {"method": "paypal", "transaction_id": "TXN-5775496448", "amount_paid": 920.56, "payment_status": "paid", "billing_address": {"street": "280 Lake Ave", "city": "Paris", "state": "Ile-de-France", "zip": "4223", "country": "France"}}, "shipping": {"method": "overnight", "carrier": "USPS", "tracking_number": null, "estimated_delivery": "2026-05-03", "shipping_address": {"street": "9440 Cedar Rd", "city": "Sydney", "state": "NSW", "zip": "8437", "country": "Australia"}, "cost": 0}, "discounts": [{"code": "SAVE15NOW", "type": "fixed_amount", "value": 15, "applied_amount": 15.0}]}');
+-------------------------+
| number of rows inserted |
|-------------------------|
| 1                       |
+-------------------------+
INSERT INTO orders (order_id, customer_id, order_data)
SELECT 'ORD-00040', 1021, PARSE_JSON('{"order_details": {"order_date": "2026-08-26T03:21:00Z", "order_status": "shipped", "order_channel": "web", "currency": "USD", "notes": "Customer requested expedited handling."}, "items": [{"product_id": "PROD-0002", "product_name": "HearthCraft Stainless Steel Cookware Set", "quantity": 3, "unit_price": 52.77, "line_total": 158.31}, {"product_id": "PROD-0005", "product_name": "GlowLab Hydrating Face Cream", "quantity": 1, "unit_price": 35.79, "line_total": 35.79, "options": {"color": null, "size": "L"}}], "payment": {"method": "bank_transfer", "transaction_id": "TXN-6663022520", "amount_paid": 179.1, "payment_status": "paid", "billing_address": {"street": "5830 River St", "city": "Philadelphia", "state": "PA", "zip": "69645", "country": "USA"}}, "shipping": {"method": "standard", "carrier": "USPS", "tracking_number": "1Z645392735", "estimated_delivery": "2026-09-03", "shipping_address": {"street": "5830 River St", "city": "Philadelphia", "state": "PA", "zip": "69645", "country": "USA"}, "cost": 0}, "discounts": [{"code": "SAVE15X", "type": "fixed_amount", "value": 15, "applied_amount": 15.0}]}');
+-------------------------+
| number of rows inserted |
|-------------------------|
| 1                       |
+-------------------------+
INSERT INTO orders (order_id, customer_id, order_data)
SELECT 'ORD-00041', 1021, PARSE_JSON('{"order_details": {"order_date": "2025-12-17T06:00:00Z", "order_status": "shipped", "order_channel": "mobile_app", "currency": "USD"}, "items": [{"product_id": "PROD-0002", "product_name": "HearthCraft Stainless Steel Cookware Set", "quantity": 4, "unit_price": 52.77, "line_total": 211.08}, {"product_id": "PROD-0013", "product_name": "Northwind Publishing Modern Data Systems (Textbook)", "quantity": 4, "unit_price": 48.61, "line_total": 194.44}, {"product_id": "PROD-0018", "product_name": "DriveTech Dash Cam 1080p", "quantity": 1, "unit_price": 46.08, "line_total": 46.08}, {"product_id": "PROD-0028", "product_name": "SoundWave Wireless Charging Pad", "quantity": 4, "unit_price": 110.51, "line_total": 442.04}], "payment": {"method": "gift_card", "transaction_id": "TXN-1446754535", "amount_paid": 896.63, "payment_status": "paid", "billing_address": {"street": "9178 Lake Rd", "city": "Denver", "state": "CO", "zip": "93816", "country": "USA"}}, "shipping": {"method": "standard", "carrier": "DHL", "tracking_number": "1Z917859317", "estimated_delivery": "2025-12-20", "shipping_address": {"street": "9178 Lake Rd", "city": "Denver", "state": "CO", "zip": "93816", "country": "USA"}, "cost": 7.99}, "discounts": [{"code": "SAVE5", "type": "fixed_amount", "value": 5, "applied_amount": 5.0}]}');
+-------------------------+
| number of rows inserted |
|-------------------------|
| 1                       |
+-------------------------+
INSERT INTO orders (order_id, customer_id, order_data)
SELECT 'ORD-00042', 1022, PARSE_JSON('{"order_details": {"order_date": "2025-09-28T14:03:00Z", "order_status": "delivered", "order_channel": "phone", "currency": "USD"}, "items": [{"product_id": "PROD-0026", "product_name": "UrbanNest 3-Seat Fabric Sofa", "quantity": 4, "unit_price": 569.37, "line_total": 2277.48, "options": {"color": "Black", "size": "XL"}}, {"product_id": "PROD-0016", "product_name": "OfficeForm Standing Desk Converter", "quantity": 4, "unit_price": 363.63, "line_total": 1454.52}, {"product_id": "PROD-0031", "product_name": "Northwind Publishing Modern Data Systems (Textbook)", "quantity": 2, "unit_price": 38.94, "line_total": 77.88, "options": {"color": "White", "size": "S"}}], "payment": {"method": "paypal", "transaction_id": "TXN-7071962821", "amount_paid": 3809.88, "payment_status": "paid"}, "shipping": {"method": "express", "carrier": "UPS", "tracking_number": "1Z614157782", "estimated_delivery": "2025-10-01", "shipping_address": {"street": "1546 Sunset St", "city": "Dallas", "state": "TX", "zip": "14989", "country": "USA"}, "cost": 0}, "discounts": []}');
+-------------------------+
| number of rows inserted |
|-------------------------|
| 1                       |
+-------------------------+
INSERT INTO orders (order_id, customer_id, order_data)
SELECT 'ORD-00043', 1022, PARSE_JSON('{"order_details": {"order_date": "2026-08-30T16:51:00Z", "order_status": "pending", "order_channel": "phone", "currency": "USD"}, "items": [{"product_id": "PROD-0010", "product_name": "TechNova Smart Home Speaker", "quantity": 1, "unit_price": 177.14, "line_total": 177.14, "options": {"color": "Red", "size": "S"}}, {"product_id": "PROD-0011", "product_name": "HearthCraft Air Fryer", "quantity": 1, "unit_price": 185.04, "line_total": 185.04, "options": {"color": null, "size": "S"}}, {"product_id": "PROD-0021", "product_name": "PeakForm Running Shoes", "quantity": 1, "unit_price": 73.49, "line_total": 73.49, "options": {"color": null, "size": null}}], "payment": {"method": "paypal", "transaction_id": "TXN-8180022935", "amount_paid": 435.67, "payment_status": "paid", "billing_address": {"street": "5785 Oak St", "city": "Paris", "state": "Ile-de-France", "zip": "4914", "country": "France"}}, "shipping": {"method": "pickup", "carrier": null, "tracking_number": null, "estimated_delivery": "2026-09-02", "shipping_address": {"street": "9183 Sunset St", "city": "New York", "state": "NY", "zip": "34558", "country": "USA"}, "cost": 0.0}}');
+-------------------------+
| number of rows inserted |
|-------------------------|
| 1                       |
+-------------------------+
INSERT INTO orders (order_id, customer_id, order_data)
SELECT 'ORD-00044', 1023, PARSE_JSON('{"order_details": {"order_date": "2026-02-06T14:16:00Z", "order_status": "shipped", "order_channel": "mobile_app", "currency": "USD"}, "items": [{"product_id": "PROD-0032", "product_name": "GlowLab Mineral Sunscreen SPF50", "quantity": 1, "unit_price": 25.95, "line_total": 25.95}, {"product_id": "PROD-0022", "product_name": "Northwind Publishing The Long Horizon (Novel)", "quantity": 1, "unit_price": 27.93, "line_total": 27.93}, {"product_id": "PROD-0013", "product_name": "Northwind Publishing Modern Data Systems (Textbook)", "quantity": 2, "unit_price": 48.61, "line_total": 97.22, "options": {"color": "Red", "size": "XL"}}], "payment": {"method": "gift_card", "transaction_id": "TXN-8929770065", "amount_paid": 148.54, "payment_status": "paid", "billing_address": {"street": "2679 Lake Ln", "city": "Berlin", "state": "Berlin", "zip": "6340", "country": "Germany"}}, "shipping": {"method": "standard", "carrier": "USPS", "tracking_number": "1Z962884268", "estimated_delivery": "2026-02-11", "shipping_address": {"street": "908 Cedar Ln", "city": "London", "state": "England", "zip": "5806", "country": "UK"}, "cost": 4.99}, "discounts": [{"code": "SAVE5", "type": "percentage", "value": 5, "applied_amount": 7.55}]}');
+-------------------------+
| number of rows inserted |
|-------------------------|
| 1                       |
+-------------------------+
INSERT INTO orders (order_id, customer_id, order_data)
SELECT 'ORD-00045', 1024, PARSE_JSON('{"order_details": {"order_date": "2026-06-03T21:34:00Z", "order_status": "pending", "order_channel": "mobile_app", "currency": "USD", "notes": null}, "items": [{"product_id": "PROD-0015", "product_name": "SummitGear Hiking Backpack 40L", "quantity": 2, "unit_price": 245.4, "line_total": 490.8, "options": {"color": "Black", "size": null}}, {"product_id": "PROD-0023", "product_name": "GlowLab Hydrating Face Cream", "quantity": 2, "unit_price": 51.52, "line_total": 103.04}, {"product_id": "PROD-0022", "product_name": "Northwind Publishing The Long Horizon (Novel)", "quantity": 3, "unit_price": 27.93, "line_total": 83.79}, {"product_id": "PROD-0001", "product_name": "PixelEdge Wireless Bluetooth Headphones", "quantity": 3, "unit_price": 342.53, "line_total": 1027.59}], "payment": {"method": "credit_card", "transaction_id": "TXN-3782253768", "amount_paid": 1705.22, "payment_status": "paid", "card_last4": "5708", "billing_address": {"street": "3475 Pine St", "city": "Philadelphia", "state": "PA", "zip": "95188", "country": "USA"}}, "shipping": {"method": "pickup", "carrier": null, "tracking_number": null, "estimated_delivery": "2026-06-09", "shipping_address": {"street": "3475 Pine St", "city": "Philadelphia", "state": "PA", "zip": "95188", "country": "USA"}, "cost": 0.0}, "discounts": []}');
+-------------------------+
| number of rows inserted |
|-------------------------|
| 1                       |
+-------------------------+
INSERT INTO orders (order_id, customer_id, order_data)
SELECT 'ORD-00046', 1025, PARSE_JSON('{"order_details": {"order_date": "2025-11-30T08:19:00Z", "order_status": "cancelled", "order_channel": "phone", "currency": "USD"}, "items": [{"product_id": "PROD-0011", "product_name": "HearthCraft Air Fryer", "quantity": 3, "unit_price": 185.04, "line_total": 555.12, "options": {"color": "Black", "size": "M"}}, {"product_id": "PROD-0019", "product_name": "PixelEdge Wireless Bluetooth Headphones", "quantity": 3, "unit_price": 64.99, "line_total": 194.97, "options": {"color": null, "size": "M"}}, {"product_id": "PROD-0026", "product_name": "UrbanNest 3-Seat Fabric Sofa", "quantity": 1, "unit_price": 569.37, "line_total": 569.37, "options": {"color": "Red", "size": "L"}}, {"product_id": "PROD-0016", "product_name": "OfficeForm Standing Desk Converter", "quantity": 1, "unit_price": 363.63, "line_total": 363.63}, {"product_id": "PROD-0022", "product_name": "Northwind Publishing The Long Horizon (Novel)", "quantity": 1, "unit_price": 27.93, "line_total": 27.93, "options": {"color": "Black", "size": "L"}}], "payment": {"method": "paypal", "transaction_id": "TXN-9299205086", "amount_paid": 1724.01, "payment_status": "refunded", "billing_address": {"street": "4490 Lake Ave", "city": "Paris", "state": "Ile-de-France", "zip": "2639", "country": "France"}}, "shipping": {"method": "standard", "carrier": "UPS", "tracking_number": "1Z516593405", "estimated_delivery": "2025-12-05", "shipping_address": {"street": "4490 Lake Ave", "city": "Paris", "state": "Ile-de-France", "zip": "2639", "country": "France"}, "cost": 12.99}}');
+-------------------------+
| number of rows inserted |
|-------------------------|
| 1                       |
+-------------------------+
INSERT INTO orders (order_id, customer_id, order_data)
SELECT 'ORD-00047', 1026, PARSE_JSON('{"order_details": {"order_date": "2026-02-27T04:23:00Z", "order_status": "shipped", "order_channel": "in_store", "currency": "USD"}, "items": [{"product_id": "PROD-0001", "product_name": "PixelEdge Wireless Bluetooth Headphones", "quantity": 2, "unit_price": 342.53, "line_total": 685.06, "options": {"color": null, "size": "L"}}, {"product_id": "PROD-0013", "product_name": "Northwind Publishing Modern Data Systems (Textbook)", "quantity": 3, "unit_price": 48.61, "line_total": 145.83}, {"product_id": "PROD-0005", "product_name": "GlowLab Hydrating Face Cream", "quantity": 2, "unit_price": 35.79, "line_total": 71.58}, {"product_id": "PROD-0006", "product_name": "SummitGear Hiking Backpack 40L", "quantity": 1, "unit_price": 75.53, "line_total": 75.53}], "payment": {"method": "paypal", "transaction_id": "TXN-4418646461", "amount_paid": 937.09, "payment_status": "paid", "billing_address": {"street": "5832 Highland Ln", "city": "Phoenix", "state": "AZ", "zip": "33111", "country": "USA"}}, "shipping": {"method": "standard", "carrier": "UPS", "tracking_number": "1Z340498289", "estimated_delivery": "2026-03-04", "shipping_address": {"street": "5832 Highland Ln", "city": "Phoenix", "state": "AZ", "zip": "33111", "country": "USA"}, "cost": 7.99}, "discounts": [{"code": "SAVE5X", "type": "percentage", "value": 5, "applied_amount": 48.9}]}');
+-------------------------+
| number of rows inserted |
|-------------------------|
| 1                       |
+-------------------------+
INSERT INTO orders (order_id, customer_id, order_data)
SELECT 'ORD-00048', 1027, PARSE_JSON('{"order_details": {"order_date": "2026-03-16T15:59:00Z", "order_status": "shipped", "order_channel": "mobile_app", "currency": "USD", "notes": null}, "items": [{"product_id": "PROD-0031", "product_name": "Northwind Publishing Modern Data Systems (Textbook)", "quantity": 1, "unit_price": 38.94, "line_total": 38.94}, {"product_id": "PROD-0017", "product_name": "UrbanNest Modern Accent Chair", "quantity": 4, "unit_price": 880.05, "line_total": 3520.2, "options": {"color": "White", "size": "L"}}, {"product_id": "PROD-0001", "product_name": "PixelEdge Wireless Bluetooth Headphones", "quantity": 1, "unit_price": 342.53, "line_total": 342.53}], "payment": {"method": "bank_transfer", "transaction_id": "TXN-1260766006", "amount_paid": 3914.66, "payment_status": "paid"}, "shipping": {"method": "standard", "carrier": "USPS", "tracking_number": "1Z576653244", "estimated_delivery": "2026-03-25", "shipping_address": {"street": "1545 River St", "city": "Sydney", "state": "NSW", "zip": "8945", "country": "Australia"}, "cost": 12.99}}');
+-------------------------+
| number of rows inserted |
|-------------------------|
| 1                       |
+-------------------------+
INSERT INTO orders (order_id, customer_id, order_data)
SELECT 'ORD-00049', 1027, PARSE_JSON('{"order_details": {"order_date": "2026-02-21T14:50:00Z", "order_status": "cancelled", "order_channel": "mobile_app", "currency": "USD"}, "items": [{"product_id": "PROD-0005", "product_name": "GlowLab Hydrating Face Cream", "quantity": 4, "unit_price": 35.79, "line_total": 143.16, "options": {"color": null, "size": null}}, {"product_id": "PROD-0015", "product_name": "SummitGear Hiking Backpack 40L", "quantity": 4, "unit_price": 245.4, "line_total": 981.6}], "payment": {"method": "bank_transfer", "transaction_id": "TXN-8005078139", "amount_paid": 1017.27, "payment_status": "refunded"}, "shipping": {"method": "overnight", "carrier": "USPS", "tracking_number": "1Z811820303", "estimated_delivery": "2026-02-28", "shipping_address": {"street": "1371 Lake Blvd", "city": "Houston", "state": "TX", "zip": "71404", "country": "USA"}, "cost": 4.99}, "discounts": [{"code": "SAVE10NOW", "type": "percentage", "value": 10, "applied_amount": 112.48}]}');
+-------------------------+
| number of rows inserted |
|-------------------------|
| 1                       |
+-------------------------+
INSERT INTO orders (order_id, customer_id, order_data)
SELECT 'ORD-00050', 1027, PARSE_JSON('{"order_details": {"order_date": "2025-10-05T06:19:00Z", "order_status": "pending", "order_channel": "in_store", "currency": "USD"}, "items": [{"product_id": "PROD-0031", "product_name": "Northwind Publishing Modern Data Systems (Textbook)", "quantity": 4, "unit_price": 38.94, "line_total": 155.76, "options": {"color": "Black", "size": null}}, {"product_id": "PROD-0017", "product_name": "UrbanNest Modern Accent Chair", "quantity": 2, "unit_price": 880.05, "line_total": 1760.1, "options": {"color": null, "size": "M"}}, {"product_id": "PROD-0012", "product_name": "ActiveCore Yoga Mat", "quantity": 3, "unit_price": 50.52, "line_total": 151.56}, {"product_id": "PROD-0001", "product_name": "PixelEdge Wireless Bluetooth Headphones", "quantity": 3, "unit_price": 342.53, "line_total": 1027.59, "options": {"color": "Blue", "size": "M"}}, {"product_id": "PROD-0002", "product_name": "HearthCraft Stainless Steel Cookware Set", "quantity": 2, "unit_price": 52.77, "line_total": 105.54}], "payment": {"method": "credit_card", "transaction_id": "TXN-2726542556", "amount_paid": 3213.54, "payment_status": "paid", "card_last4": "1206", "billing_address": {"street": "598 Main Rd", "city": "San Diego", "state": "CA", "zip": "28413", "country": "USA"}}, "shipping": {"method": "standard", "carrier": "UPS", "tracking_number": null, "estimated_delivery": "2025-10-14", "shipping_address": {"street": "598 Main Rd", "city": "San Diego", "state": "CA", "zip": "28413", "country": "USA"}, "cost": 12.99}, "discounts": []}');
+-------------------------+
| number of rows inserted |
|-------------------------|
| 1                       |
+-------------------------+
INSERT INTO orders (order_id, customer_id, order_data)
SELECT 'ORD-00051', 1028, PARSE_JSON('{"order_details": {"order_date": "2026-05-10T17:45:00Z", "order_status": "processing", "order_channel": "phone", "currency": "USD"}, "items": [{"product_id": "PROD-0013", "product_name": "Northwind Publishing Modern Data Systems (Textbook)", "quantity": 4, "unit_price": 48.61, "line_total": 194.44}, {"product_id": "PROD-0031", "product_name": "Northwind Publishing Modern Data Systems (Textbook)", "quantity": 3, "unit_price": 38.94, "line_total": 116.82}, {"product_id": "PROD-0020", "product_name": "HearthCraft Stainless Steel Cookware Set", "quantity": 2, "unit_price": 236.23, "line_total": 472.46}], "payment": {"method": "paypal", "transaction_id": "TXN-3414214895", "amount_paid": 778.71, "payment_status": "paid", "billing_address": {"street": "8565 Cedar Ln", "city": "Phoenix", "state": "AZ", "zip": "52102", "country": "USA"}}, "shipping": {"method": "standard", "carrier": "UPS", "tracking_number": null, "estimated_delivery": "2026-05-14", "shipping_address": {"street": "9949 Lake Rd", "city": "Austin", "state": "TX", "zip": "83645", "country": "USA"}, "cost": 4.99}, "discounts": [{"code": "SAVE10", "type": "fixed_amount", "value": 10, "applied_amount": 10.0}]}');
+-------------------------+
| number of rows inserted |
|-------------------------|
| 1                       |
+-------------------------+
INSERT INTO orders (order_id, customer_id, order_data)
SELECT 'ORD-00052', 1028, PARSE_JSON('{"order_details": {"order_date": "2025-12-29T21:41:00Z", "order_status": "delivered", "order_channel": "web", "currency": "USD"}, "items": [{"product_id": "PROD-0006", "product_name": "SummitGear Hiking Backpack 40L", "quantity": 3, "unit_price": 75.53, "line_total": 226.59, "options": {"color": "White", "size": "M"}}, {"product_id": "PROD-0029", "product_name": "HomeEase Stainless Steel Cookware Set", "quantity": 3, "unit_price": 303.34, "line_total": 910.02, "options": {"color": "Red", "size": "S"}}, {"product_id": "PROD-0027", "product_name": "AutoEdge Car Phone Mount", "quantity": 1, "unit_price": 101.58, "line_total": 101.58}], "payment": {"method": "bank_transfer", "transaction_id": "TXN-8735511970", "amount_paid": 1238.18, "payment_status": "paid", "billing_address": {"street": "1211 Pine Rd", "city": "London", "state": "England", "zip": "5919", "country": "UK"}}, "shipping": {"method": "express", "carrier": "USPS", "tracking_number": "1Z712371107", "estimated_delivery": "2026-01-06", "shipping_address": {"street": "1211 Pine Rd", "city": "London", "state": "England", "zip": "5919", "country": "UK"}, "cost": 4.99}, "discounts": [{"code": "SAVE5X", "type": "fixed_amount", "value": 5, "applied_amount": 5.0}]}');
+-------------------------+
| number of rows inserted |
|-------------------------|
| 1                       |
+-------------------------+
INSERT INTO orders (order_id, customer_id, order_data)
SELECT 'ORD-00053', 1028, PARSE_JSON('{"order_details": {"order_date": "2025-12-02T17:26:00Z", "order_status": "shipped", "order_channel": "phone", "currency": "USD", "notes": "Gift wrap requested."}, "items": [{"product_id": "PROD-0027", "product_name": "AutoEdge Car Phone Mount", "quantity": 1, "unit_price": 101.58, "line_total": 101.58, "options": {"color": "Black", "size": null}}, {"product_id": "PROD-0024", "product_name": "SummitGear 2-Person Camping Tent", "quantity": 4, "unit_price": 289.01, "line_total": 1156.04}, {"product_id": "PROD-0017", "product_name": "UrbanNest Modern Accent Chair", "quantity": 3, "unit_price": 880.05, "line_total": 2640.15, "options": {"color": "Black", "size": "XL"}}], "payment": {"method": "gift_card", "transaction_id": "TXN-6839773987", "amount_paid": 3910.76, "payment_status": "pending", "billing_address": {"street": "3531 Main St", "city": "Dallas", "state": "TX", "zip": "14675", "country": "USA"}}, "shipping": {"method": "express", "carrier": "FedEx", "tracking_number": "1Z536088897", "estimated_delivery": "2025-12-10", "shipping_address": {"street": "3825 River St", "city": "Denver", "state": "CO", "zip": "37151", "country": "USA"}, "cost": 12.99}, "discounts": []}');
+-------------------------+
| number of rows inserted |
|-------------------------|
| 1                       |
+-------------------------+
INSERT INTO orders (order_id, customer_id, order_data)
SELECT 'ORD-00054', 1029, PARSE_JSON('{"order_details": {"order_date": "2026-04-21T00:53:00Z", "order_status": "shipped", "order_channel": "mobile_app", "currency": "USD"}, "items": [{"product_id": "PROD-0023", "product_name": "GlowLab Hydrating Face Cream", "quantity": 4, "unit_price": 51.52, "line_total": 206.08, "options": {"color": "White", "size": "XL"}}, {"product_id": "PROD-0028", "product_name": "SoundWave Wireless Charging Pad", "quantity": 3, "unit_price": 110.51, "line_total": 331.53}, {"product_id": "PROD-0021", "product_name": "PeakForm Running Shoes", "quantity": 3, "unit_price": 73.49, "line_total": 220.47, "options": {"color": "White", "size": "M"}}, {"product_id": "PROD-0012", "product_name": "ActiveCore Yoga Mat", "quantity": 2, "unit_price": 50.52, "line_total": 101.04}], "payment": {"method": "paypal", "transaction_id": "TXN-1016902989", "amount_paid": 831.15, "payment_status": "paid"}, "shipping": {"method": "standard", "carrier": "FedEx", "tracking_number": "1Z120741836", "estimated_delivery": "2026-04-23", "shipping_address": {"street": "9195 Main St", "city": "London", "state": "England", "zip": "2147", "country": "UK"}, "cost": 19.99}, "discounts": [{"code": "SAVE5NOW", "type": "percentage", "value": 5, "applied_amount": 42.96}, {"code": "SAVE5", "type": "fixed_amount", "value": 5, "applied_amount": 5.0}]}');
+-------------------------+
| number of rows inserted |
|-------------------------|
| 1                       |
+-------------------------+
INSERT INTO orders (order_id, customer_id, order_data)
SELECT 'ORD-00055', 1029, PARSE_JSON('{"order_details": {"order_date": "2025-10-29T05:16:00Z", "order_status": "pending", "order_channel": "web", "currency": "USD"}, "items": [{"product_id": "PROD-0013", "product_name": "Northwind Publishing Modern Data Systems (Textbook)", "quantity": 4, "unit_price": 48.61, "line_total": 194.44}, {"product_id": "PROD-0010", "product_name": "TechNova Smart Home Speaker", "quantity": 3, "unit_price": 177.14, "line_total": 531.42}], "payment": {"method": "credit_card", "transaction_id": "TXN-2129363507", "amount_paid": 725.86, "payment_status": "paid", "card_last4": "6598", "billing_address": {"street": "2531 River Rd", "city": "Los Angeles", "state": "CA", "zip": "48685", "country": "USA"}}, "shipping": {"method": "pickup", "carrier": null, "tracking_number": null, "estimated_delivery": "2025-10-31", "shipping_address": {"street": "5466 Maple St", "city": "Austin", "state": "TX", "zip": "44601", "country": "USA"}, "cost": 0.0}}');
+-------------------------+
| number of rows inserted |
|-------------------------|
| 1                       |
+-------------------------+
INSERT INTO orders (order_id, customer_id, order_data)
SELECT 'ORD-00056', 1030, PARSE_JSON('{"order_details": {"order_date": "2026-04-30T16:27:00Z", "order_status": "pending", "order_channel": "in_store", "currency": "USD", "notes": "Please leave package at front door."}, "items": [{"product_id": "PROD-0010", "product_name": "TechNova Smart Home Speaker", "quantity": 4, "unit_price": 177.14, "line_total": 708.56, "options": {"color": "White", "size": null}}, {"product_id": "PROD-0013", "product_name": "Northwind Publishing Modern Data Systems (Textbook)", "quantity": 1, "unit_price": 48.61, "line_total": 48.61, "options": {"color": "Red", "size": null}}], "payment": {"method": "paypal", "transaction_id": "TXN-4111103415", "amount_paid": 762.16, "payment_status": "paid", "billing_address": {"street": "3161 Cedar Ave", "city": "Berlin", "state": "Berlin", "zip": "6097", "country": "Germany"}}, "shipping": {"method": "standard", "carrier": "USPS", "tracking_number": null, "estimated_delivery": "2026-05-04", "shipping_address": {"street": "1777 Lake Ave", "city": "San Diego", "state": "CA", "zip": "43886", "country": "USA"}, "cost": 4.99}}');
+-------------------------+
| number of rows inserted |
|-------------------------|
| 1                       |
+-------------------------+
INSERT INTO orders (order_id, customer_id, order_data)
SELECT 'ORD-00057', 1030, PARSE_JSON('{"order_details": {"order_date": "2025-12-25T02:06:00Z", "order_status": "delivered", "order_channel": "web", "currency": "USD"}, "items": [{"product_id": "PROD-0020", "product_name": "HearthCraft Stainless Steel Cookware Set", "quantity": 3, "unit_price": 236.23, "line_total": 708.69}, {"product_id": "PROD-0026", "product_name": "UrbanNest 3-Seat Fabric Sofa", "quantity": 1, "unit_price": 569.37, "line_total": 569.37}, {"product_id": "PROD-0021", "product_name": "PeakForm Running Shoes", "quantity": 2, "unit_price": 73.49, "line_total": 146.98}, {"product_id": "PROD-0004", "product_name": "Lantern Press Modern Data Systems (Textbook)", "quantity": 2, "unit_price": 48.56, "line_total": 97.12}], "payment": {"method": "bank_transfer", "transaction_id": "TXN-3076735458", "amount_paid": 1542.15, "payment_status": "paid", "billing_address": {"street": "5954 Lake Ln", "city": "Paris", "state": "Ile-de-France", "zip": "6091", "country": "France"}}, "shipping": {"method": "standard", "carrier": "DHL", "tracking_number": "1Z441708181", "estimated_delivery": "2026-01-03", "shipping_address": {"street": "5954 Lake Ln", "city": "Paris", "state": "Ile-de-France", "zip": "6091", "country": "France"}, "cost": 19.99}, "discounts": []}');
+-------------------------+
| number of rows inserted |
|-------------------------|
| 1                       |
+-------------------------+

=================================================================
======================= DATA OVERVIEW ===========================
=================================================================
USE DATABASE SEMI_STRUCTURED_DB;
+----------------------------------+
| status                           |
|----------------------------------|
| Statement executed successfully. |
+----------------------------------+
USE SCHEMA STAGING ;
+----------------------------------+
| status                           |
|----------------------------------|
| Statement executed successfully. |
+----------------------------------+
SELECT * FROM customers LIMIT 3;
+-----------------------------------------------------------------------------+
| CUSTOMER_ID | CUSTOMER_NAME   | CUSTOMER_DATA                               |
|-------------+-----------------+---------------------------------------------|
| 1001        | Abigail O'Brien | {                                           |
|             |                 |   "address": {                              |
|             |                 |     "city": "Vancouver",                    |
|             |                 |     "coordinates": {                        |
|             |                 |       "lat": 49.2958,                       |
|             |                 |       "lng": -123.1124                      |
|             |                 |     },                                      |
|             |                 |     "country": "Canada",                    |
|             |                 |     "state": "BC",                          |
|             |                 |     "street": "1496 Pine Rd",               |
|             |                 |     "type": "shipping",                     |
|             |                 |     "zip": "1968"                           |
|             |                 |   },                                        |
|             |                 |   "devices": [                              |
|             |                 |     {                                       |
|             |                 |       "device_id": "DEV-251262",            |
|             |                 |       "device_type": "desktop",             |
|             |                 |       "is_trusted": true,                   |
|             |                 |       "last_login": "2026-06-16T18:19:00Z", |
|             |                 |       "os": "Linux"                         |
|             |                 |     },                                      |
|             |                 |     {                                       |
|             |                 |       "device_id": "DEV-289505",            |
|             |                 |       "device_type": "tablet",              |
|             |                 |       "is_trusted": false,                  |
|             |                 |       "last_login": "2026-08-14T18:40:00Z", |
|             |                 |       "os": "iPadOS"                        |
|             |                 |     }                                       |
|             |                 |   ],                                        |
|             |                 |   "preferences": {                          |
|             |                 |     "marketing_channels": [],               |
|             |                 |     "newsletter_opt_in": false,             |
|             |                 |     "notification_settings": {              |
|             |                 |       "email": true,                        |
|             |                 |       "push": true,                         |
|             |                 |       "sms": false                          |
|             |                 |     },                                      |
|             |                 |     "preferred_currency": "CAD",            |
|             |                 |     "preferred_language": "pt"              |
|             |                 |   },                                        |
|             |                 |   "profile": {                              |
|             |                 |     "account_balance": 454.85,              |
|             |                 |     "birth_date": "1967-03-03",             |
|             |                 |     "email": "abigail.obrien75@gmail.com",  |
|             |                 |     "first_name": "Abigail",                |
|             |                 |     "gender": "male",                       |
|             |                 |     "is_active": true,                      |
|             |                 |     "join_date": "2024-08-26",              |
|             |                 |     "last_name": "O'Brien",                 |
|             |                 |     "lifetime_value": 1756.85,              |
|             |                 |     "loyalty_tier": "gold"                  |
|             |                 |   }                                         |
|             |                 | }                                           |
| 1002        | Sophia Jones    | {                                           |
|             |                 |   "address": {                              |
|             |                 |     "city": "Los Angeles",                  |
|             |                 |     "coordinates": {                        |
|             |                 |       "lat": 34.0095,                       |
|             |                 |       "lng": -118.2425                      |
|             |                 |     },                                      |
|             |                 |     "country": "USA",                       |
|             |                 |     "state": "CA",                          |
|             |                 |     "street": "8614 Lake Blvd",             |
|             |                 |     "type": "billing",                      |
|             |                 |     "zip": "68829"                          |
|             |                 |   },                                        |
|             |                 |   "devices": [                              |
|             |                 |     {                                       |
|             |                 |       "device_id": "DEV-829070",            |
|             |                 |       "device_type": "desktop",             |
|             |                 |       "is_trusted": true,                   |
|             |                 |       "last_login": "2026-08-16T15:37:00Z", |
|             |                 |       "os": "macOS"                         |
|             |                 |     },                                      |
|             |                 |     {                                       |
|             |                 |       "device_id": "DEV-980770",            |
|             |                 |       "device_type": "mobile",              |
|             |                 |       "is_trusted": true,                   |
|             |                 |       "last_login": "2026-07-05T15:44:00Z", |
|             |                 |       "os": "iOS"                           |
|             |                 |     }                                       |
|             |                 |   ],                                        |
|             |                 |   "preferences": {                          |
|             |                 |     "marketing_channels": [                 |
|             |                 |       "postal_mail",                        |
|             |                 |       "email",                              |
|             |                 |       "push"                                |
|             |                 |     ],                                      |
|             |                 |     "newsletter_opt_in": false,             |
|             |                 |     "notification_settings": {              |
|             |                 |       "email": true,                        |
|             |                 |       "push": true,                         |
|             |                 |       "sms": false                          |
|             |                 |     },                                      |
|             |                 |     "preferred_currency": "EUR",            |
|             |                 |     "preferred_language": "fr"              |
|             |                 |   },                                        |
|             |                 |   "profile": {                              |
|             |                 |     "account_balance": 461.72,              |
|             |                 |     "email": "sophia.jones509@icloud.com",  |
|             |                 |     "first_name": "Sophia",                 |
|             |                 |     "gender": "non-binary",                 |
|             |                 |     "is_active": true,                      |
|             |                 |     "join_date": "2024-06-21",              |
|             |                 |     "last_name": "Jones",                   |
|             |                 |     "lifetime_value": 2924.58,              |
|             |                 |     "loyalty_tier": "gold",                 |
|             |                 |     "phone": "+1-384-915-4999"              |
|             |                 |   }                                         |
|             |                 | }                                           |
| 1003        | Noah Martin     | {                                           |
|             |                 |   "address": {                              |
|             |                 |     "city": "Berlin",                       |
|             |                 |     "coordinates": {                        |
|             |                 |       "lat": 52.5583,                       |
|             |                 |       "lng": 13.4369                        |
|             |                 |     },                                      |
|             |                 |     "country": "Germany",                   |
|             |                 |     "street": "6529 River Rd",              |
|             |                 |     "type": "shipping",                     |
|             |                 |     "zip": "2320"                           |
|             |                 |   },                                        |
|             |                 |   "devices": [                              |
|             |                 |     {                                       |
|             |                 |       "device_id": "DEV-608520",            |
|             |                 |       "device_type": "mobile",              |
|             |                 |       "is_trusted": false,                  |
|             |                 |       "last_login": "2026-07-04T09:00:00Z", |
|             |                 |       "os": "iOS"                           |
|             |                 |     }                                       |
|             |                 |   ],                                        |
|             |                 |   "preferences": {                          |
|             |                 |     "marketing_channels": [                 |
|             |                 |       "postal_mail",                        |
|             |                 |       "email"                               |
|             |                 |     ],                                      |
|             |                 |     "newsletter_opt_in": true,              |
|             |                 |     "notification_settings": {              |
|             |                 |       "email": false,                       |
|             |                 |       "push": false,                        |
|             |                 |       "sms": false                          |
|             |                 |     },                                      |
|             |                 |     "preferred_currency": "CAD",            |
|             |                 |     "preferred_language": "fr"              |
|             |                 |   },                                        |
|             |                 |   "profile": {                              |
|             |                 |     "account_balance": 177.73,              |
|             |                 |     "email": "noah.martin396@outlook.com",  |
|             |                 |     "first_name": "Noah",                   |
|             |                 |     "gender": "male",                       |
|             |                 |     "is_active": true,                      |
|             |                 |     "join_date": "2022-08-06",              |
|             |                 |     "last_name": "Martin",                  |
|             |                 |     "lifetime_value": 4906.81,              |
|             |                 |     "loyalty_tier": "bronze",               |
|             |                 |     "phone": "+1-423-986-5709"              |
|             |                 |   }                                         |
|             |                 | }                                           |
+-----------------------------------------------------------------------------+
SELECT * FROM products LIMIT 3;
+------------------------------------------------------------------------------+
| PRODUCT_ID | PRODUCT_DATA                                                    |
|------------+-----------------------------------------------------------------|
| PROD-0001  | {                                                               |
|            |   "pricing": {                                                  |
|            |     "base_price": 342.53,                                       |
|            |     "currency": "USD",                                          |
|            |     "price_history": [                                          |
|            |       {                                                         |
|            |         "date": "2025-04-19",                                   |
|            |         "price": 335.94                                         |
|            |       },                                                        |
|            |       {                                                         |
|            |         "date": "2026-07-01",                                   |
|            |         "price": 310.35                                         |
|            |       }                                                         |
|            |     ],                                                          |
|            |     "tax_rate": 0.0582                                          |
|            |   },                                                            |
|            |   "reviews": [                                                  |
|            |     {                                                           |
|            |       "comment": null,                                          |
|            |       "customer_id": 1001,                                      |
|            |       "rating": 2,                                              |
|            |       "review_date": "2025-08-16",                              |
|            |       "review_id": "REV-PROD-0001-01",                          |
|            |       "verified_purchase": true                                 |
|            |     },                                                          |
|            |     {                                                           |
|            |       "comment": "Perfect for everyday use.",                   |
|            |       "customer_id": 1005,                                      |
|            |       "rating": 3,                                              |
|            |       "review_date": "2026-07-21",                              |
|            |       "review_id": "REV-PROD-0001-02",                          |
|            |       "verified_purchase": true                                 |
|            |     },                                                          |
|            |     {                                                           |
|            |       "comment": "Decent, but there's room for improvement.",   |
|            |       "customer_id": 1021,                                      |
|            |       "rating": 5,                                              |
|            |       "review_date": "2026-04-01",                              |
|            |       "review_id": "REV-PROD-0001-03",                          |
|            |       "verified_purchase": true                                 |
|            |     },                                                          |
|            |     {                                                           |
|            |       "comment": null,                                          |
|            |       "customer_id": 1030,                                      |
|            |       "rating": 5,                                              |
|            |       "review_date": "2026-02-08",                              |
|            |       "review_id": "REV-PROD-0001-04",                          |
|            |       "verified_purchase": false                                |
|            |     }                                                           |
|            |   ],                                                            |
|            |   "specifications": {                                           |
|            |     "brand": "PixelEdge",                                       |
|            |     "category": "Electronics",                                  |
|            |     "color_options": [                                          |
|            |       "White"                                                   |
|            |     ],                                                          |
|            |     "dimensions": {                                             |
|            |       "height": 5.7,                                            |
|            |       "length": 53,                                             |
|            |       "unit": "cm",                                             |
|            |       "width": 32.3                                             |
|            |     },                                                          |
|            |     "weight_kg": 9.42                                           |
|            |   },                                                            |
|            |   "suppliers": [                                                |
|            |     {                                                           |
|            |       "country": "China",                                       |
|            |       "is_primary": true,                                       |
|            |       "lead_time_days": 16,                                     |
|            |       "supplier_id": "SUP-005",                                 |
|            |       "supplier_name": "Shenzhen Innovate Ltd."                 |
|            |     },                                                          |
|            |     {                                                           |
|            |       "country": "Brazil",                                      |
|            |       "is_primary": false,                                      |
|            |       "lead_time_days": 26,                                     |
|            |       "supplier_id": "SUP-008",                                 |
|            |       "supplier_name": "Sao Paulo Export Group"                 |
|            |     },                                                          |
|            |     {                                                           |
|            |       "country": "Germany",                                     |
|            |       "is_primary": false,                                      |
|            |       "lead_time_days": 42,                                     |
|            |       "supplier_id": "SUP-002",                                 |
|            |       "supplier_name": "EuroGoods Trading Co."                  |
|            |     }                                                           |
|            |   ]                                                             |
|            | }                                                               |
| PROD-0002  | {                                                               |
|            |   "pricing": {                                                  |
|            |     "base_price": 52.77,                                        |
|            |     "cost_price": 29.13,                                        |
|            |     "currency": "USD",                                          |
|            |     "price_history": [                                          |
|            |       {                                                         |
|            |         "date": "2025-06-28",                                   |
|            |         "price": 51.56                                          |
|            |       },                                                        |
|            |       {                                                         |
|            |         "date": "2025-03-07",                                   |
|            |         "price": 48.82                                          |
|            |       },                                                        |
|            |       {                                                         |
|            |         "date": "2025-02-19",                                   |
|            |         "price": 57.97                                          |
|            |       }                                                         |
|            |     ],                                                          |
|            |     "tax_rate": 0.0135                                          |
|            |   },                                                            |
|            |   "reviews": [                                                  |
|            |     {                                                           |
|            |       "comment": "Shipping was fast and the quality is solid.", |
|            |       "customer_id": 1024,                                      |
|            |       "rating": 4,                                              |
|            |       "review_date": "2025-09-24",                              |
|            |       "review_id": "REV-PROD-0002-01",                          |
|            |       "verified_purchase": true                                 |
|            |     },                                                          |
|            |     {                                                           |
|            |       "comment": "Works exactly as described.",                 |
|            |       "customer_id": 1021,                                      |
|            |       "rating": 1,                                              |
|            |       "review_date": "2025-11-19",                              |
|            |       "review_id": "REV-PROD-0002-02",                          |
|            |       "verified_purchase": true                                 |
|            |     },                                                          |
|            |     {                                                           |
|            |       "comment": null,                                          |
|            |       "customer_id": null,                                      |
|            |       "rating": 3,                                              |
|            |       "review_date": "2025-06-27",                              |
|            |       "review_id": "REV-PROD-0002-03",                          |
|            |       "verified_purchase": true                                 |
|            |     },                                                          |
|            |     {                                                           |
|            |       "comment": "Exceeded my expectations, would buy again.",  |
|            |       "customer_id": 1014,                                      |
|            |       "rating": 5,                                              |
|            |       "review_date": "2025-10-30",                              |
|            |       "review_id": "REV-PROD-0002-04",                          |
|            |       "verified_purchase": true                                 |
|            |     }                                                           |
|            |   ],                                                            |
|            |   "specifications": {                                           |
|            |     "brand": "HearthCraft",                                     |
|            |     "category": "Home & Kitchen",                               |
|            |     "color_options": [],                                        |
|            |     "dimensions": {                                             |
|            |       "height": 49.8,                                           |
|            |       "length": 109.9,                                          |
|            |       "unit": "cm",                                             |
|            |       "width": 12.9                                             |
|            |     },                                                          |
|            |     "material": "Aluminum",                                     |
|            |     "subcategory": "Cookware",                                  |
|            |     "weight_kg": 2.47                                           |
|            |   },                                                            |
|            |   "suppliers": [                                                |
|            |     {                                                           |
|            |       "country": "Brazil",                                      |
|            |       "is_primary": true,                                       |
|            |       "lead_time_days": 3,                                      |
|            |       "supplier_id": "SUP-008",                                 |
|            |       "supplier_name": "Sao Paulo Export Group"                 |
|            |     },                                                          |
|            |     {                                                           |
|            |       "country": "Mexico",                                      |
|            |       "is_primary": false,                                      |
|            |       "lead_time_days": 27,                                     |
|            |       "supplier_id": "SUP-006",                                 |
|            |       "supplier_name": "Atlas Wholesale"                        |
|            |     },                                                          |
|            |     {                                                           |
|            |       "country": "China",                                       |
|            |       "is_primary": false,                                      |
|            |       "lead_time_days": 30,                                     |
|            |       "supplier_id": "SUP-005",                                 |
|            |       "supplier_name": "Shenzhen Innovate Ltd."                 |
|            |     }                                                           |
|            |   ]                                                             |
|            | }                                                               |
| PROD-0003  | {                                                               |
|            |   "pricing": {                                                  |
|            |     "base_price": 125.01,                                       |
|            |     "currency": "USD",                                          |
|            |     "price_history": [                                          |
|            |       {                                                         |
|            |         "date": "2026-07-04",                                   |
|            |         "price": 120.93                                         |
|            |       },                                                        |
|            |       {                                                         |
|            |         "date": "2026-06-28",                                   |
|            |         "price": 128.06                                         |
|            |       },                                                        |
|            |       {                                                         |
|            |         "date": "2025-01-28",                                   |
|            |         "price": 119.92                                         |
|            |       }                                                         |
|            |     ],                                                          |
|            |     "tax_rate": 0.0836                                          |
|            |   },                                                            |
|            |   "reviews": [                                                  |
|            |     {                                                           |
|            |       "comment": "Great value for the price!",                  |
|            |       "customer_id": 1006,                                      |
|            |       "rating": 2,                                              |
|            |       "review_date": "2025-06-14",                              |
|            |       "review_id": "REV-PROD-0003-01",                          |
|            |       "verified_purchase": false                                |
|            |     },                                                          |
|            |     {                                                           |
|            |       "comment": "Shipping was fast and the quality is solid.", |
|            |       "customer_id": 1006,                                      |
|            |       "rating": 3,                                              |
|            |       "review_date": "2026-05-25",                              |
|            |       "review_id": "REV-PROD-0003-02",                          |
|            |       "verified_purchase": false                                |
|            |     },                                                          |
|            |     {                                                           |
|            |       "comment": null,                                          |
|            |       "customer_id": 1023,                                      |
|            |       "rating": 1,                                              |
|            |       "review_date": "2025-07-05",                              |
|            |       "review_id": "REV-PROD-0003-03",                          |
|            |       "verified_purchase": true                                 |
|            |     }                                                           |
|            |   ],                                                            |
|            |   "specifications": {                                           |
|            |     "brand": "PeakForm",                                        |
|            |     "category": "Sportswear",                                   |
|            |     "color_options": [],                                        |
|            |     "dimensions": {                                             |
|            |       "height": 14.4,                                           |
|            |       "length": 101.8,                                          |
|            |       "unit": "cm",                                             |
|            |       "width": 20.2                                             |
|            |     },                                                          |
|            |     "material": "Aluminum",                                     |
|            |     "weight_kg": 13.58                                          |
|            |   },                                                            |
|            |   "suppliers": [                                                |
|            |     {                                                           |
|            |       "country": "Canada",                                      |
|            |       "is_primary": true,                                       |
|            |       "lead_time_days": 16,                                     |
|            |       "supplier_id": "SUP-004",                                 |
|            |       "supplier_name": "Northland Distributors"                 |
|            |     },                                                          |
|            |     {                                                           |
|            |       "country": "China",                                       |
|            |       "is_primary": false,                                      |
|            |       "lead_time_days": 28,                                     |
|            |       "supplier_id": "SUP-005",                                 |
|            |       "supplier_name": "Shenzhen Innovate Ltd."                 |
|            |     },                                                          |
|            |     {                                                           |
|            |       "country": "USA",                                         |
|            |       "is_primary": false,                                      |
|            |       "lead_time_days": 42,                                     |
|            |       "supplier_id": "SUP-003",                                 |
|            |       "supplier_name": "Global Source Partners"                 |
|            |     }                                                           |
|            |   ]                                                             |
|            | }                                                               |
+------------------------------------------------------------------------------+
SELECT * FROM orders LIMIT 3;
+---------------------------------------------------------------------------------------+
| ORDER_ID  | CUSTOMER_ID | ORDER_DATA                                                  |
|-----------+-------------+-------------------------------------------------------------|
| ORD-00001 | 1001        | {                                                           |
|           |             |   "discounts": [                                            |
|           |             |     {                                                       |
|           |             |       "applied_amount": 10,                                 |
|           |             |       "code": "SAVE10X",                                    |
|           |             |       "type": "fixed_amount",                               |
|           |             |       "value": 10                                           |
|           |             |     }                                                       |
|           |             |   ],                                                        |
|           |             |   "items": [                                                |
|           |             |     {                                                       |
|           |             |       "line_total": 25.95,                                  |
|           |             |       "options": {                                          |
|           |             |         "color": null,                                      |
|           |             |         "size": "L"                                         |
|           |             |       },                                                    |
|           |             |       "product_id": "PROD-0032",                            |
|           |             |       "product_name": "GlowLab Mineral Sunscreen SPF50",    |
|           |             |       "quantity": 1,                                        |
|           |             |       "unit_price": 25.95                                   |
|           |             |     },                                                      |
|           |             |     {                                                       |
|           |             |       "line_total": 230.74,                                 |
|           |             |       "options": {                                          |
|           |             |         "color": "Blue",                                    |
|           |             |         "size": "L"                                         |
|           |             |       },                                                    |
|           |             |       "product_id": "PROD-0030",                            |
|           |             |       "product_name": "ActiveCore Compression Leggings",    |
|           |             |       "quantity": 2,                                        |
|           |             |       "unit_price": 115.37                                  |
|           |             |     },                                                      |
|           |             |     {                                                       |
|           |             |       "line_total": 221.02,                                 |
|           |             |       "product_id": "PROD-0028",                            |
|           |             |       "product_name": "SoundWave Wireless Charging Pad",    |
|           |             |       "quantity": 2,                                        |
|           |             |       "unit_price": 110.51                                  |
|           |             |     }                                                       |
|           |             |   ],                                                        |
|           |             |   "order_details": {                                        |
|           |             |     "currency": "USD",                                      |
|           |             |     "order_channel": "web",                                 |
|           |             |     "order_date": "2025-10-22T01:28:00Z",                   |
|           |             |     "order_status": "pending"                               |
|           |             |   },                                                        |
|           |             |   "payment": {                                              |
|           |             |     "amount_paid": 467.71,                                  |
|           |             |     "billing_address": {                                    |
|           |             |       "city": "New York",                                   |
|           |             |       "country": "USA",                                     |
|           |             |       "state": "NY",                                        |
|           |             |       "street": "905 Sunset Rd",                            |
|           |             |       "zip": "86370"                                        |
|           |             |     },                                                      |
|           |             |     "method": "paypal",                                     |
|           |             |     "payment_status": "paid",                               |
|           |             |     "transaction_id": "TXN-1957346036"                      |
|           |             |   },                                                        |
|           |             |   "shipping": {                                             |
|           |             |     "carrier": null,                                        |
|           |             |     "cost": 0,                                              |
|           |             |     "estimated_delivery": "2025-10-29",                     |
|           |             |     "method": "pickup",                                     |
|           |             |     "shipping_address": {                                   |
|           |             |       "city": "New York",                                   |
|           |             |       "country": "USA",                                     |
|           |             |       "state": "NY",                                        |
|           |             |       "street": "905 Sunset Rd",                            |
|           |             |       "zip": "86370"                                        |
|           |             |     },                                                      |
|           |             |     "tracking_number": null                                 |
|           |             |   }                                                         |
|           |             | }                                                           |
| ORD-00002 | 1002        | {                                                           |
|           |             |   "discounts": [                                            |
|           |             |     {                                                       |
|           |             |       "applied_amount": 5,                                  |
|           |             |       "code": "SAVE5X",                                     |
|           |             |       "type": "fixed_amount",                               |
|           |             |       "value": 5                                            |
|           |             |     },                                                      |
|           |             |     {                                                       |
|           |             |       "applied_amount": 15,                                 |
|           |             |       "code": "SAVE15X",                                    |
|           |             |       "type": "fixed_amount",                               |
|           |             |       "value": 15                                           |
|           |             |     }                                                       |
|           |             |   ],                                                        |
|           |             |   "items": [                                                |
|           |             |     {                                                       |
|           |             |       "line_total": 1760.1,                                 |
|           |             |       "product_id": "PROD-0017",                            |
|           |             |       "product_name": "UrbanNest Modern Accent Chair",      |
|           |             |       "quantity": 2,                                        |
|           |             |       "unit_price": 880.05                                  |
|           |             |     },                                                      |
|           |             |     {                                                       |
|           |             |       "line_total": 103.8,                                  |
|           |             |       "options": {                                          |
|           |             |         "color": "Red",                                     |
|           |             |         "size": "S"                                         |
|           |             |       },                                                    |
|           |             |       "product_id": "PROD-0032",                            |
|           |             |       "product_name": "GlowLab Mineral Sunscreen SPF50",    |
|           |             |       "quantity": 4,                                        |
|           |             |       "unit_price": 25.95                                   |
|           |             |     },                                                      |
|           |             |     {                                                       |
|           |             |       "line_total": 71.58,                                  |
|           |             |       "product_id": "PROD-0005",                            |
|           |             |       "product_name": "GlowLab Hydrating Face Cream",       |
|           |             |       "quantity": 2,                                        |
|           |             |       "unit_price": 35.79                                   |
|           |             |     },                                                      |
|           |             |     {                                                       |
|           |             |       "line_total": 727.26,                                 |
|           |             |       "product_id": "PROD-0016",                            |
|           |             |       "product_name": "OfficeForm Standing Desk Converter", |
|           |             |       "quantity": 2,                                        |
|           |             |       "unit_price": 363.63                                  |
|           |             |     },                                                      |
|           |             |     {                                                       |
|           |             |       "line_total": 419.08,                                 |
|           |             |       "product_id": "PROD-0025",                            |
|           |             |       "product_name": "OfficeForm Standing Desk Converter", |
|           |             |       "quantity": 2,                                        |
|           |             |       "unit_price": 209.54                                  |
|           |             |     }                                                       |
|           |             |   ],                                                        |
|           |             |   "order_details": {                                        |
|           |             |     "currency": "USD",                                      |
|           |             |     "order_channel": "in_store",                            |
|           |             |     "order_date": "2026-04-22T06:29:00Z",                   |
|           |             |     "order_status": "shipped"                               |
|           |             |   },                                                        |
|           |             |   "payment": {                                              |
|           |             |     "amount_paid": 3061.82,                                 |
|           |             |     "billing_address": {                                    |
|           |             |       "city": "Phoenix",                                    |
|           |             |       "country": "USA",                                     |
|           |             |       "state": "AZ",                                        |
|           |             |       "street": "1527 Sunset Blvd",                         |
|           |             |       "zip": "81416"                                        |
|           |             |     },                                                      |
|           |             |     "method": "bank_transfer",                              |
|           |             |     "payment_status": "paid",                               |
|           |             |     "transaction_id": "TXN-5444929659"                      |
|           |             |   },                                                        |
|           |             |   "shipping": {                                             |
|           |             |     "carrier": "FedEx",                                     |
|           |             |     "cost": 0,                                              |
|           |             |     "estimated_delivery": "2026-05-01",                     |
|           |             |     "method": "standard",                                   |
|           |             |     "shipping_address": {                                   |
|           |             |       "city": "London",                                     |
|           |             |       "country": "UK",                                      |
|           |             |       "state": "England",                                   |
|           |             |       "street": "5764 Pine Ave",                            |
|           |             |       "zip": "7346"                                         |
|           |             |     },                                                      |
|           |             |     "tracking_number": "1Z695900689"                        |
|           |             |   }                                                         |
|           |             | }                                                           |
| ORD-00003 | 1003        | {                                                           |
|           |             |   "items": [                                                |
|           |             |     {                                                       |
|           |             |       "line_total": 103.04,                                 |
|           |             |       "product_id": "PROD-0023",                            |
|           |             |       "product_name": "GlowLab Hydrating Face Cream",       |
|           |             |       "quantity": 2,                                        |
|           |             |       "unit_price": 51.52                                   |
|           |             |     },                                                      |
|           |             |     {                                                       |
|           |             |       "line_total": 43.12,                                  |
|           |             |       "options": {                                          |
|           |             |         "color": "White",                                   |
|           |             |         "size": "XL"                                        |
|           |             |       },                                                    |
|           |             |       "product_id": "PROD-0014",                            |
|           |             |       "product_name": "PureDerm Vitamin C Serum",           |
|           |             |       "quantity": 4,                                        |
|           |             |       "unit_price": 10.78                                   |
|           |             |     },                                                      |
|           |             |     {                                                       |
|           |             |       "line_total": 1138.74,                                |
|           |             |       "options": {                                          |
|           |             |         "color": "Blue",                                    |
|           |             |         "size": null                                        |
|           |             |       },                                                    |
|           |             |       "product_id": "PROD-0026",                            |
|           |             |       "product_name": "UrbanNest 3-Seat Fabric Sofa",       |
|           |             |       "quantity": 2,                                        |
|           |             |       "unit_price": 569.37                                  |
|           |             |     },                                                      |
|           |             |     {                                                       |
|           |             |       "line_total": 838.16,                                 |
|           |             |       "options": {                                          |
|           |             |         "color": "Blue",                                    |
|           |             |         "size": null                                        |
|           |             |       },                                                    |
|           |             |       "product_id": "PROD-0025",                            |
|           |             |       "product_name": "OfficeForm Standing Desk Converter", |
|           |             |       "quantity": 4,                                        |
|           |             |       "unit_price": 209.54                                  |
|           |             |     }                                                       |
|           |             |   ],                                                        |
|           |             |   "order_details": {                                        |
|           |             |     "currency": "USD",                                      |
|           |             |     "order_channel": "phone",                               |
|           |             |     "order_date": "2026-01-01T23:49:00Z",                   |
|           |             |     "order_status": "processing"                            |
|           |             |   },                                                        |
|           |             |   "payment": {                                              |
|           |             |     "amount_paid": 2128.05,                                 |
|           |             |     "billing_address": {                                    |
|           |             |       "city": "Houston",                                    |
|           |             |       "country": "USA",                                     |
|           |             |       "state": "TX",                                        |
|           |             |       "street": "8415 Oak Ln",                              |
|           |             |       "zip": "45443"                                        |
|           |             |     },                                                      |
|           |             |     "method": "paypal",                                     |
|           |             |     "payment_status": "pending",                            |
|           |             |     "transaction_id": "TXN-2334828420"                      |
|           |             |   },                                                        |
|           |             |   "shipping": {                                             |
|           |             |     "carrier": "FedEx",                                     |
|           |             |     "cost": 4.99,                                           |
|           |             |     "estimated_delivery": "2026-01-08",                     |
|           |             |     "method": "express",                                    |
|           |             |     "shipping_address": {                                   |
|           |             |       "city": "Houston",                                    |
|           |             |       "country": "USA",                                     |
|           |             |       "state": "TX",                                        |
|           |             |       "street": "8415 Oak Ln",                              |
|           |             |       "zip": "45443"                                        |
|           |             |     },                                                      |
|           |             |     "tracking_number": null                                 |
|           |             |   }                                                         |
|           |             | }                                                           |
+---------------------------------------------------------------------------------------+

=================================================================
===================== SETUP COMPLETED ===========================
=================================================================
